"pos","lat","lon","alt","time","speed","bearing","acc","heartRate","cadence","temperature","strides","speed_sensor","custom_coords"
"1","64.843899","-163.710674","50","2022-07-07T07:58:35.000+0900","0.00","254","3.91","","","","","",""
"2","64.843908","-163.710671","49","2022-07-07T07:58:52.000+0900","0.43","13","4.05","","","","","",""
"3","64.843921","-163.710668","49","2022-07-07T07:59:02.000+0900","0.33","0","3.95","","","","","",""
"4","64.843916","-163.710651","48","2022-07-07T07:59:20.000+0900","0.01","0","3.90","","","","","",""
"5","64.843919","-163.710627","48","2022-07-07T07:59:31.000+0900","0.00","35","3.81","","","","","",""
"6","64.843919","-163.710595","48","2022-07-07T07:59:41.000+0900","0.00","35","3.73","","","","","",""
"7","64.843912","-163.710620","48","2022-07-07T08:00:51.000+0900","0.18","35","3.90","","","","","",""
"8","64.843903","-163.710622","48","2022-07-07T08:01:03.000+0900","0.00","35","3.67","","","","","",""
"9","64.843907","-163.710603","48","2022-07-07T08:03:27.224+0900","0.01","15","3.51","","","","","",""
"10","64.843911","-163.710583","48","2022-07-07T08:03:38.466+0900","0.68","75","3.73","","","","","",""
"11","64.843923","-163.710555","47","2022-07-07T08:03:49.706+0900","0.80","55","3.92","","","","","",""
"12","64.843969","-163.710449","45","2022-07-07T08:04:00.589+0900","0.50","43","4.47","","","","","",""
"13","64.844044","-163.710373","46","2022-07-07T08:04:10.424+0900","0.35","0","5.08","","","","","",""
"14","64.844088","-163.710430","46","2022-07-07T08:04:20.308+0900","0.55","349","4.57","","","","","",""
"15","64.844150","-163.710506","49","2022-07-07T08:04:29.388+0900","0.65","334","4.35","","","","","",""
"16","64.844200","-163.710496","47","2022-07-07T08:04:39.302+0900","0.49","360","4.48","","","","","",""
"17","64.844253","-163.710549","46","2022-07-07T08:04:49.000+0900","0.67","345","3.97","","","","","",""
"18","64.844287","-163.710608","48","2022-07-07T08:04:58.706+0900","0.65","318","4.64","","","","","",""
"19","64.844335","-163.710626","48","2022-07-07T08:05:08.605+0900","0.28","360","4.23","","","","","",""
"20","64.844418","-163.710640","46","2022-07-07T08:05:18.345+0900","0.69","351","4.20","","","","","",""
"21","64.844504","-163.710642","48","2022-07-07T08:05:28.000+0900","0.85","355","4.31","","","","","",""
"22","64.844576","-163.710634","47","2022-07-07T08:05:39.587+0900","0.63","358","4.35","","","","","",""
"23","64.844625","-163.710721","48","2022-07-07T08:05:49.524+0900","0.67","344","4.57","","","","","",""
"24","64.844669","-163.710846","48","2022-07-07T08:05:59.670+0900","0.51","305","3.89","","","","","",""
"25","64.844695","-163.710890","49","2022-07-07T08:06:09.549+0900","0.19","310","3.96","","","","","",""
"26","64.844774","-163.710969","47","2022-07-07T08:06:19.000+0900","0.60","6","4.37","","","","","",""
"27","64.844815","-163.710901","45","2022-07-07T08:06:28.408+0900","0.51","28","4.33","","","","","",""
"28","64.844852","-163.710892","42","2022-07-07T08:06:39.667+0900","0.33","3","4.22","","","","","",""
"29","64.844910","-163.710925","45","2022-07-07T08:06:49.327+0900","0.85","346","4.34","","","","","",""
"30","64.844987","-163.710989","47","2022-07-07T08:06:58.611+0900","0.60","341","4.69","","","","","",""
"31","64.845043","-163.711039","45","2022-07-07T08:07:09.629+0900","0.13","338","4.62","","","","","",""
"32","64.845127","-163.710971","47","2022-07-07T08:07:18.703+0900","0.65","36","4.32","","","","","",""
"33","64.845204","-163.710944","44","2022-07-07T08:07:28.666+0900","0.70","15","4.46","","","","","",""
"34","64.845249","-163.710886","46","2022-07-07T08:07:38.000+0900","0.45","10","3.85","","","","","",""
"35","64.845289","-163.710869","46","2022-07-07T08:07:47.527+0900","0.13","0","4.10","","","","","",""
"36","64.845316","-163.710975","49","2022-07-07T08:07:57.000+0900","0.41","0","4.06","","","","","",""
"37","64.845314","-163.711110","49","2022-07-07T08:08:06.631+0900","0.29","270","3.90","","","","","",""
"38","64.845311","-163.711243","49","2022-07-07T08:08:15.689+0900","0.38","245","4.30","","","","","",""
"39","64.845301","-163.711414","49","2022-07-07T08:08:25.470+0900","0.58","271","4.45","","","","","",""
"40","64.845272","-163.711564","49","2022-07-07T08:08:35.490+0900","0.78","254","4.48","","","","","",""
"41","64.845323","-163.711534","46","2022-07-07T08:08:44.724+0900","0.55","55","4.32","","","","","",""
"42","64.845354","-163.711514","46","2022-07-07T08:08:54.000+0900","0.14","42","3.82","","","","","",""
"43","64.845343","-163.711526","45","2022-07-07T08:09:05.665+0900","0.97","231","3.50","","","","","",""
"44","64.845359","-163.711715","45","2022-07-07T08:09:16.642+0900","0.67","327","4.23","","","","","",""
"45","64.845318","-163.711872","45","2022-07-07T08:09:26.383+0900","0.78","265","4.49","","","","","",""
"46","64.845312","-163.711918","47","2022-07-07T08:09:36.442+0900","0.23","268","3.25","","","","","",""
"47","64.845308","-163.711896","47","2022-07-07T08:09:46.000+0900","0.00","268","3.32","","","","","",""
"48","64.845314","-163.711877","46","2022-07-07T08:10:01.000+0900","0.01","268","3.57","","","","","",""
"49","64.845319","-163.711854","44","2022-07-07T08:10:12.445+0900","0.01","268","3.67","","","","","",""
"50","64.845302","-163.711921","43","2022-07-07T08:10:21.567+0900","0.38","164","4.34","","","","","",""
"51","64.845305","-163.712010","43","2022-07-07T08:10:30.626+0900","0.69","245","3.83","","","","","",""
"52","64.845337","-163.712117","46","2022-07-07T08:10:39.645+0900","0.33","335","4.60","","","","","",""
"53","64.845359","-163.712227","44","2022-07-07T08:10:49.287+0900","0.69","309","3.92","","","","","",""
"54","64.845373","-163.712359","44","2022-07-07T08:10:58.562+0900","0.55","318","4.35","","","","","",""
"55","64.845303","-163.712476","46","2022-07-07T08:11:08.663+0900","0.68","192","4.16","","","","","",""
"56","64.845287","-163.712536","48","2022-07-07T08:11:19.307+0900","0.02","175","3.31","","","","","",""
"57","64.845302","-163.712555","48","2022-07-07T08:11:30.268+0900","0.00","175","3.34","","","","","",""
"58","64.845306","-163.712578","49","2022-07-07T08:11:51.000+0900","0.76","305","3.60","","","","","",""
"59","64.845306","-163.712600","49","2022-07-07T08:12:00.369+0900","0.00","316","3.90","","","","","",""
"60","64.845322","-163.712662","50","2022-07-07T08:12:10.223+0900","0.74","312","3.89","","","","","",""
"61","64.845337","-163.712844","52","2022-07-07T08:12:20.207+0900","0.78","286","4.58","","","","","",""
"62","64.845344","-163.712999","51","2022-07-07T08:12:29.326+0900","0.73","268","4.53","","","","","",""
"63","64.845331","-163.713104","49","2022-07-07T08:12:38.687+0900","0.63","212","4.20","","","","","",""
"64","64.845327","-163.713273","49","2022-07-07T08:12:48.627+0900","0.93","284","4.59","","","","","",""
"65","64.845356","-163.713448","48","2022-07-07T08:12:58.182+0900","0.76","287","4.46","","","","","",""
"66","64.845369","-163.713567","49","2022-07-07T08:13:07.467+0900","0.67","283","4.31","","","","","",""
"67","64.845354","-163.713723","50","2022-07-07T08:13:18.649+0900","0.65","270","4.53","","","","","",""
"68","64.845350","-163.713830","50","2022-07-07T08:13:28.227+0900","0.64","275","4.20","","","","","",""
"69","64.845307","-163.714005","51","2022-07-07T08:13:38.669+0900","0.99","260","4.33","","","","","",""
"70","64.845282","-163.714127","52","2022-07-07T08:13:48.412+0900","0.87","205","4.76","","","","","",""
"71","64.845213","-163.714209","51","2022-07-07T08:13:58.166+0900","0.45","206","4.42","","","","","",""
"72","64.845169","-163.714225","53","2022-07-07T08:14:07.605+0900","0.57","182","4.58","","","","","",""
"73","64.845098","-163.714204","50","2022-07-07T08:14:17.504+0900","0.73","188","4.70","","","","","",""
"74","64.845018","-163.714208","50","2022-07-07T08:14:26.686+0900","0.80","197","4.64","","","","","",""
"75","64.844945","-163.714176","52","2022-07-07T08:14:36.427+0900","0.77","160","4.44","","","","","",""
"76","64.844854","-163.714145","54","2022-07-07T08:14:46.000+0900","0.96","171","5.07","","","","","",""
"77","64.844813","-163.714154","54","2022-07-07T08:14:55.627+0900","0.72","166","4.45","","","","","",""
"78","64.844729","-163.714204","56","2022-07-07T08:15:06.629+0900","0.83","171","4.50","","","","","",""
"79","64.844657","-163.714145","54","2022-07-07T08:15:17.409+0900","0.65","161","4.42","","","","","",""
"80","64.844586","-163.714150","53","2022-07-07T08:15:27.386+0900","0.69","171","4.55","","","","","",""
"81","64.844530","-163.714144","53","2022-07-07T08:15:37.446+0900","0.60","183","4.69","","","","","",""
"82","64.844456","-163.714161","55","2022-07-07T08:15:47.185+0900","0.80","182","5.23","","","","","",""
"83","64.844404","-163.714125","56","2022-07-07T08:15:56.885+0900","0.65","180","4.44","","","","","",""
"84","64.844321","-163.714109","56","2022-07-07T08:16:07.608+0900","0.76","180","4.37","","","","","",""
"85","64.844237","-163.714139","57","2022-07-07T08:16:16.985+0900","0.64","208","4.50","","","","","",""
"86","64.844176","-163.714153","58","2022-07-07T08:16:26.368+0900","0.67","197","4.30","","","","","",""
"87","64.844124","-163.714146","57","2022-07-07T08:16:36.107+0900","0.18","180","4.35","","","","","",""
"88","64.844100","-163.714125","57","2022-07-07T08:16:46.000+0900","0.00","180","3.81","","","","","",""
"89","64.844088","-163.714116","56","2022-07-07T08:16:59.606+0900","0.84","161","3.37","","","","","",""
"90","64.844027","-163.714120","56","2022-07-07T08:17:10.467+0900","0.37","173","4.39","","","","","",""
"91","64.843961","-163.714157","55","2022-07-07T08:17:19.644+0900","0.86","175","4.01","","","","","",""
"92","64.843904","-163.714177","53","2022-07-07T08:17:29.505+0900","0.65","189","4.27","","","","","",""
"93","64.843826","-163.714167","53","2022-07-07T08:17:39.524+0900","0.31","164","4.26","","","","","",""
"94","64.843777","-163.714169","55","2022-07-07T08:17:49.000+0900","0.54","187","4.00","","","","","",""
"95","64.843704","-163.714228","56","2022-07-07T08:17:58.570+0900","0.78","188","4.17","","","","","",""
"96","64.843645","-163.714166","54","2022-07-07T08:18:08.628+0900","0.70","176","4.55","","","","","",""
"97","64.843582","-163.714185","56","2022-07-07T08:18:17.687+0900","0.74","176","4.47","","","","","",""
"98","64.843502","-163.714208","57","2022-07-07T08:18:27.442+0900","0.80","182","4.43","","","","","",""
"99","64.843451","-163.714238","57","2022-07-07T08:18:36.704+0900","0.67","176","4.45","","","","","",""
"100","64.843408","-163.714236","57","2022-07-07T08:18:46.000+0900","0.28","206","4.09","","","","","",""
"101","64.843408","-163.714209","57","2022-07-07T08:18:56.000+0900","0.09","206","3.46","","","","","",""
"102","64.843388","-163.714206","56","2022-07-07T08:19:05.583+0900","0.57","200","3.67","","","","","",""
"103","64.843326","-163.714238","55","2022-07-07T08:19:15.227+0900","0.47","208","4.79","","","","","",""
"104","64.843275","-163.714223","56","2022-07-07T08:19:24.503+0900","0.48","195","4.19","","","","","",""
"105","64.843196","-163.714217","59","2022-07-07T08:19:34.723+0900","0.60","183","3.99","","","","","",""
"106","64.843124","-163.714180","57","2022-07-07T08:19:44.000+0900","0.77","168","4.52","","","","","",""
"107","64.843059","-163.714170","58","2022-07-07T08:19:54.643+0900","0.95","194","4.43","","","","","",""
"108","64.842996","-163.714190","56","2022-07-07T08:20:04.528+0900","0.80","160","4.40","","","","","",""
"109","64.842924","-163.714180","55","2022-07-07T08:20:14.267+0900","0.91","191","4.65","","","","","",""
"110","64.842833","-163.714201","56","2022-07-07T08:20:24.000+0900","0.87","184","4.21","","","","","",""
"111","64.842796","-163.714177","58","2022-07-07T08:20:33.043+0900","0.64","179","3.80","","","","","",""
"112","64.842737","-163.714233","57","2022-07-07T08:20:44.652+0900","0.41","202","4.18","","","","","",""
"113","64.842651","-163.714277","56","2022-07-07T08:20:54.585+0900","0.72","181","4.44","","","","","",""
"114","64.842586","-163.714254","56","2022-07-07T08:21:04.307+0900","0.64","178","4.58","","","","","",""
"115","64.842516","-163.714284","58","2022-07-07T08:21:13.328+0900","0.77","187","4.47","","","","","",""
"116","64.842452","-163.714289","58","2022-07-07T08:21:22.687+0900","0.76","187","4.31","","","","","",""
"117","64.842373","-163.714339","58","2022-07-07T08:21:32.000+0900","0.76","195","3.77","","","","","",""
"118","64.842318","-163.714353","55","2022-07-07T08:21:41.328+0900","0.86","211","4.04","","","","","",""
"119","64.842254","-163.714325","54","2022-07-07T08:21:52.663+0900","0.80","175","4.43","","","","","",""
"120","64.842181","-163.714370","52","2022-07-07T08:22:02.409+0900","0.68","195","4.55","","","","","",""
"121","64.842094","-163.714407","53","2022-07-07T08:22:13.603+0900","0.71","190","4.39","","","","","",""
"122","64.842031","-163.714459","52","2022-07-07T08:22:23.727+0900","0.75","213","4.55","","","","","",""
"123","64.841938","-163.714473","51","2022-07-07T08:22:33.000+0900","0.78","181","4.46","","","","","",""
"124","64.841884","-163.714466","52","2022-07-07T08:22:42.724+0900","0.65","180","4.54","","","","","",""
"125","64.841816","-163.714472","51","2022-07-07T08:22:53.268+0900","0.75","172","4.43","","","","","",""
"126","64.841752","-163.714517","51","2022-07-07T08:23:02.644+0900","0.74","187","4.38","","","","","",""
"127","64.841683","-163.714550","51","2022-07-07T08:23:12.428+0900","0.79","194","4.71","","","","","",""
"128","64.841595","-163.714577","52","2022-07-07T08:23:22.000+0900","0.76","192","4.68","","","","","",""
"129","64.841537","-163.714571","50","2022-07-07T08:23:31.289+0900","0.87","179","4.48","","","","","",""
"130","64.841471","-163.714538","53","2022-07-07T08:23:42.627+0900","0.82","140","4.11","","","","","",""
"131","64.841444","-163.714480","52","2022-07-07T08:23:52.288+0900","0.14","175","4.10","","","","","",""
"132","64.841382","-163.714406","51","2022-07-07T08:24:02.507+0900","0.76","166","4.45","","","","","",""
"133","64.841303","-163.714370","52","2022-07-07T08:24:12.589+0900","0.91","176","4.58","","","","","",""
"134","64.841246","-163.714346","52","2022-07-07T08:24:21.684+0900","0.81","189","4.47","","","","","",""
"135","64.841188","-163.714332","53","2022-07-07T08:24:31.229+0900","0.70","167","4.59","","","","","",""
"136","64.841129","-163.714326","53","2022-07-07T08:24:40.507+0900","0.55","184","4.32","","","","","",""
"137","64.841071","-163.714292","52","2022-07-07T08:24:49.607+0900","0.69","169","4.75","","","","","",""
"138","64.841040","-163.714289","53","2022-07-07T08:24:59.000+0900","0.45","168","3.99","","","","","",""
"139","64.840990","-163.714257","53","2022-07-07T08:25:08.505+0900","0.70","159","5.56","","","","","",""
"140","64.840903","-163.714215","52","2022-07-07T08:25:18.285+0900","0.76","172","4.22","","","","","",""
"141","64.840841","-163.714224","51","2022-07-07T08:25:27.704+0900","0.75","187","4.34","","","","","",""
"142","64.840777","-163.714292","52","2022-07-07T08:25:37.425+0900","0.79","197","4.65","","","","","",""
"143","64.840703","-163.714310","51","2022-07-07T08:25:47.000+0900","0.34","172","4.30","","","","","",""
"144","64.840663","-163.714326","52","2022-07-07T08:25:56.183+0900","0.61","202","4.36","","","","","",""
"145","64.840581","-163.714330","51","2022-07-07T08:26:06.000+0900","0.78","204","4.69","","","","","",""
"146","64.840526","-163.714324","51","2022-07-07T08:26:16.644+0900","0.69","200","4.53","","","","","",""
"147","64.840453","-163.714402","51","2022-07-07T08:26:26.710+0900","0.54","202","4.70","","","","","",""
"148","64.840406","-163.714452","52","2022-07-07T08:26:36.203+0900","0.63","210","4.61","","","","","",""
"149","64.840338","-163.714534","53","2022-07-07T08:26:46.589+0900","0.69","184","4.81","","","","","",""
"150","64.840289","-163.714599","52","2022-07-07T08:26:55.648+0900","0.56","199","4.38","","","","","",""
"151","64.840193","-163.714648","53","2022-07-07T08:27:06.489+0900","0.74","219","4.55","","","","","",""
"152","64.840144","-163.714752","50","2022-07-07T08:27:16.322+0900","0.82","218","4.55","","","","","",""
"153","64.840107","-163.714829","48","2022-07-07T08:27:25.343+0900","0.46","205","4.18","","","","","",""
"154","64.840044","-163.714993","49","2022-07-07T08:27:35.465+0900","0.96","220","4.77","","","","","",""
"155","64.839978","-163.715089","48","2022-07-07T08:27:45.000+0900","0.97","218","4.66","","","","","",""
"156","64.839972","-163.715132","47","2022-07-07T08:27:55.686+0900","0.33","254","3.96","","","","","",""
"157","64.839934","-163.715306","49","2022-07-07T08:28:05.388+0900","0.52","244","4.33","","","","","",""
"158","64.839911","-163.715386","51","2022-07-07T08:28:15.247+0900","0.24","246","4.17","","","","","",""
"159","64.839900","-163.715384","49","2022-07-07T08:28:25.000+0900","0.35","249","3.57","","","","","",""
"160","64.839891","-163.715393","48","2022-07-07T08:28:57.143+0900","0.01","248","3.30","","","","","",""
"161","64.839904","-163.715403","49","2022-07-07T08:29:13.450+0900","0.56","358","4.02","","","","","",""
"162","64.839989","-163.715433","51","2022-07-07T08:29:24.446+0900","0.69","343","4.68","","","","","",""
"163","64.839995","-163.715611","48","2022-07-07T08:29:34.744+0900","0.84","286","4.35","","","","","",""
"164","64.840014","-163.715715","50","2022-07-07T08:29:44.628+0900","0.37","275","4.64","","","","","",""
"165","64.840036","-163.715790","53","2022-07-07T08:29:53.746+0900","0.70","284","4.24","","","","","",""
"166","64.840064","-163.715911","50","2022-07-07T08:30:03.648+0900","0.67","301","4.32","","","","","",""
"167","64.840110","-163.715952","48","2022-07-07T08:30:14.246+0900","0.11","297","3.74","","","","","",""
"168","64.840190","-163.715980","47","2022-07-07T08:30:23.488+0900","0.68","355","4.86","","","","","",""
"169","64.840212","-163.715942","49","2022-07-07T08:30:32.545+0900","0.39","0","4.26","","","","","",""
"170","64.840258","-163.716075","48","2022-07-07T08:30:41.710+0900","0.79","346","4.45","","","","","",""
"171","64.840307","-163.716150","49","2022-07-07T08:30:52.487+0900","0.31","3","5.24","","","","","",""
"172","64.840354","-163.716255","50","2022-07-07T08:31:02.229+0900","0.59","298","4.65","","","","","",""
"173","64.840366","-163.716418","50","2022-07-07T08:31:11.346+0900","0.77","283","4.34","","","","","",""
"174","64.840405","-163.716551","53","2022-07-07T08:31:21.000+0900","0.70","284","4.43","","","","","",""
"175","64.840366","-163.716699","49","2022-07-07T08:31:30.247+0900","0.82","259","4.15","","","","","",""
"176","64.840326","-163.716794","48","2022-07-07T08:31:39.662+0900","0.60","221","4.32","","","","","",""
"177","64.840357","-163.716877","48","2022-07-07T08:31:49.342+0900","0.51","299","4.26","","","","","",""
"178","64.840413","-163.716848","50","2022-07-07T08:31:59.727+0900","0.59","328","4.07","","","","","",""
"179","64.840482","-163.716808","48","2022-07-07T08:32:09.562+0900","0.51","20","3.95","","","","","",""
"180","64.840524","-163.716934","49","2022-07-07T08:32:19.425+0900","0.72","295","4.45","","","","","",""
"181","64.840569","-163.717076","50","2022-07-07T08:32:28.469+0900","0.53","311","4.55","","","","","",""
"182","64.840611","-163.717147","51","2022-07-07T08:32:37.508+0900","0.41","336","4.58","","","","","",""
"183","64.840650","-163.717333","52","2022-07-07T08:32:46.588+0900","0.74","300","4.55","","","","","",""
"184","64.840630","-163.717481","52","2022-07-07T08:32:56.682+0900","0.51","271","4.76","","","","","",""
"185","64.840653","-163.717649","48","2022-07-07T08:33:07.384+0900","0.62","281","4.45","","","","","",""
"186","64.840694","-163.717729","47","2022-07-07T08:33:16.687+0900","0.77","347","4.26","","","","","",""
"187","64.840724","-163.717725","46","2022-07-07T08:33:26.662+0900","0.01","352","3.82","","","","","",""
"188","64.840730","-163.717690","48","2022-07-07T08:33:36.000+0900","0.00","352","3.30","","","","","",""
"189","64.840750","-163.717720","48","2022-07-07T08:34:03.000+0900","0.64","322","3.90","","","","","",""
"190","64.840746","-163.717853","47","2022-07-07T08:34:12.650+0900","0.97","271","4.30","","","","","",""
"191","64.840763","-163.718009","46","2022-07-07T08:34:22.223+0900","0.50","282","4.58","","","","","",""
"192","64.840798","-163.718122","45","2022-07-07T08:34:31.246+0900","0.69","271","4.73","","","","","",""
"193","64.840823","-163.718270","45","2022-07-07T08:34:40.705+0900","0.69","280","4.49","","","","","",""
"194","64.840838","-163.718401","46","2022-07-07T08:34:50.441+0900","0.80","252","3.80","","","","","",""
"195","64.840876","-163.718495","46","2022-07-07T08:35:00.687+0900","0.33","268","4.55","","","","","",""
"196","64.840898","-163.718611","46","2022-07-07T08:35:10.465+0900","0.33","268","4.14","","","","","",""
"197","64.840912","-163.718813","46","2022-07-07T08:35:20.000+0900","0.77","275","4.08","","","","","",""
"198","64.840916","-163.718943","47","2022-07-07T08:35:29.466+0900","0.68","262","3.87","","","","","",""
"199","64.840937","-163.719080","47","2022-07-07T08:35:39.548+0900","0.49","283","3.89","","","","","",""
"200","64.840956","-163.719206","46","2022-07-07T08:35:48.649+0900","0.51","278","3.98","","","","","",""
"201","64.841008","-163.719276","46","2022-07-07T08:35:57.727+0900","0.64","311","4.32","","","","","",""
"202","64.841046","-163.719440","47","2022-07-07T08:36:08.546+0900","0.78","281","4.50","","","","","",""
"203","64.841083","-163.719582","50","2022-07-07T08:36:18.000+0900","0.72","315","4.52","","","","","",""
"204","64.841099","-163.719670","48","2022-07-07T08:36:27.665+0900","0.44","291","4.11","","","","","",""
"205","64.841118","-163.719808","49","2022-07-07T08:36:38.726+0900","0.46","271","4.20","","","","","",""
"206","64.841151","-163.719980","48","2022-07-07T08:36:48.000+0900","0.71","288","4.35","","","","","",""
"207","64.841164","-163.720101","51","2022-07-07T08:36:59.183+0900","0.65","293","4.00","","","","","",""
"208","64.841199","-163.720188","52","2022-07-07T08:37:08.403+0900","0.47","320","3.74","","","","","",""
"209","64.841216","-163.720268","51","2022-07-07T08:37:18.261+0900","0.22","343","3.44","","","","","",""
"210","64.841252","-163.720428","53","2022-07-07T08:37:27.347+0900","0.64","306","3.86","","","","","",""
"211","64.841255","-163.720549","55","2022-07-07T08:37:36.649+0900","0.60","269","4.51","","","","","",""
"212","64.841252","-163.720705","57","2022-07-07T08:37:46.467+0900","0.52","286","4.70","","","","","",""
"213","64.841306","-163.720812","59","2022-07-07T08:37:56.623+0900","0.44","294","4.41","","","","","",""
"214","64.841308","-163.720910","61","2022-07-07T08:38:06.246+0900","0.56","261","3.73","","","","","",""
"215","64.841385","-163.720970","60","2022-07-07T08:38:17.262+0900","0.51","320","4.13","","","","","",""
"216","64.841387","-163.721098","61","2022-07-07T08:38:27.706+0900","0.75","286","4.42","","","","","",""
"217","64.841401","-163.721162","61","2022-07-07T08:38:37.085+0900","0.00","319","4.16","","","","","",""
"218","64.841401","-163.721187","60","2022-07-07T08:38:47.000+0900","0.01","319","3.66","","","","","",""
"219","64.841408","-163.721174","60","2022-07-07T08:39:16.682+0900","0.00","294","3.84","","","","","",""
"220","64.841415","-163.721192","58","2022-07-07T08:39:27.000+0900","0.03","294","3.60","","","","","",""
"221","64.841437","-163.721185","58","2022-07-07T08:39:38.629+0900","0.87","70","4.19","","","","","",""
"222","64.841453","-163.721235","59","2022-07-07T08:39:48.000+0900","0.00","48","3.53","","","","","",""
"223","64.841466","-163.721248","60","2022-07-07T08:40:48.267+0900","0.76","117","3.99","","","","","",""
"224","64.841526","-163.721445","58","2022-07-07T08:40:59.663+0900","0.08","315","4.73","","","","","",""
"225","64.841556","-163.721556","56","2022-07-07T08:41:08.723+0900","0.61","354","4.09","","","","","",""
"226","64.841611","-163.721636","57","2022-07-07T08:41:18.644+0900","0.70","323","4.53","","","","","",""
"227","64.841647","-163.721766","58","2022-07-07T08:41:28.626+0900","0.47","310","4.42","","","","","",""
"228","64.841714","-163.721767","57","2022-07-07T08:41:38.000+0900","0.52","351","4.57","","","","","",""
"229","64.841758","-163.721765","56","2022-07-07T08:41:47.626+0900","0.47","350","4.40","","","","","",""
"230","64.841807","-163.721845","55","2022-07-07T08:41:57.000+0900","0.45","337","4.46","","","","","",""
"231","64.841857","-163.721957","56","2022-07-07T08:42:07.000+0900","0.50","350","4.33","","","","","",""
"232","64.841909","-163.721990","56","2022-07-07T08:42:17.000+0900","0.73","331","4.39","","","","","",""
"233","64.841940","-163.722115","57","2022-07-07T08:42:26.664+0900","0.68","323","4.55","","","","","",""
"234","64.842005","-163.722213","60","2022-07-07T08:42:36.000+0900","0.61","335","4.66","","","","","",""
"235","64.842046","-163.722250","61","2022-07-07T08:42:45.185+0900","0.60","333","4.35","","","","","",""
"236","64.842068","-163.722429","61","2022-07-07T08:42:54.544+0900","0.66","296","4.39","","","","","",""
"237","64.842121","-163.722492","60","2022-07-07T08:43:04.000+0900","0.47","313","4.20","","","","","",""
"238","64.842144","-163.722559","61","2022-07-07T08:43:13.646+0900","0.38","320","4.34","","","","","",""
"239","64.842163","-163.722748","60","2022-07-07T08:43:24.650+0900","0.66","281","4.25","","","","","",""
"240","64.842206","-163.722843","60","2022-07-07T08:43:34.649+0900","0.78","325","4.49","","","","","",""
"241","64.842244","-163.722965","61","2022-07-07T08:43:44.000+0900","0.69","302","4.52","","","","","",""
"242","64.842281","-163.723079","60","2022-07-07T08:43:53.444+0900","0.57","322","3.93","","","","","",""
"243","64.842303","-163.723151","60","2022-07-07T08:44:02.586+0900","0.25","274","4.40","","","","","",""
"244","64.842338","-163.723301","62","2022-07-07T08:44:12.000+0900","0.47","302","4.45","","","","","",""
"245","64.842366","-163.723406","60","2022-07-07T08:44:22.000+0900","0.47","281","3.39","","","","","",""
"246","64.842410","-163.723388","62","2022-07-07T08:44:31.681+0900","0.60","1","4.71","","","","","",""
"247","64.842478","-163.723314","62","2022-07-07T08:44:42.322+0900","0.61","18","4.25","","","","","",""
"248","64.842548","-163.723310","62","2022-07-07T08:44:52.684+0900","0.63","352","4.24","","","","","",""
"249","64.842590","-163.723316","60","2022-07-07T08:45:02.305+0900","0.04","357","4.46","","","","","",""
"250","64.842624","-163.723349","60","2022-07-07T08:45:12.172+0900","0.22","343","4.03","","","","","",""
"251","64.842705","-163.723429","61","2022-07-07T08:45:22.606+0900","0.43","339","4.55","","","","","",""
"252","64.842763","-163.723485","59","2022-07-07T08:45:32.182+0900","0.55","1","4.64","","","","","",""
"253","64.842807","-163.723592","57","2022-07-07T08:45:43.746+0900","0.34","359","4.37","","","","","",""
"254","64.842861","-163.723660","58","2022-07-07T08:45:54.646+0900","0.63","331","4.51","","","","","",""
"255","64.842876","-163.723839","57","2022-07-07T08:46:04.549+0900","0.66","288","4.59","","","","","",""
"256","64.842875","-163.724052","58","2022-07-07T08:46:14.368+0900","0.97","269","4.80","","","","","",""
"257","64.842901","-163.724146","59","2022-07-07T08:46:23.402+0900","0.68","279","4.50","","","","","",""
"258","64.842941","-163.724234","59","2022-07-07T08:46:34.466+0900","0.40","309","4.43","","","","","",""
"259","64.842961","-163.724302","59","2022-07-07T08:46:44.000+0900","0.18","338","4.11","","","","","",""
"260","64.842983","-163.724301","61","2022-07-07T08:46:55.623+0900","0.73","36","4.50","","","","","",""
"261","64.842993","-163.724544","62","2022-07-07T08:47:05.247+0900","0.67","274","5.11","","","","","",""
"262","64.842973","-163.724695","59","2022-07-07T08:47:14.684+0900","0.00","257","4.40","","","","","",""
"263","64.842976","-163.724818","60","2022-07-07T08:47:24.326+0900","0.43","270","4.57","","","","","",""
"264","64.842962","-163.724962","62","2022-07-07T08:47:34.000+0900","0.48","261","4.28","","","","","",""
"265","64.842944","-163.725042","61","2022-07-07T08:47:43.726+0900","0.46","251","4.46","","","","","",""
"266","64.842963","-163.725270","61","2022-07-07T08:47:54.685+0900","0.70","294","4.39","","","","","",""
"267","64.842989","-163.725364","59","2022-07-07T08:48:04.288+0900","0.48","303","4.43","","","","","",""
"268","64.843006","-163.725565","61","2022-07-07T08:48:15.108+0900","0.57","276","4.68","","","","","",""
"269","64.843050","-163.725709","62","2022-07-07T08:48:24.509+0900","0.67","292","4.94","","","","","",""
"270","64.843095","-163.725842","61","2022-07-07T08:48:34.000+0900","0.67","303","4.66","","","","","",""
"271","64.843116","-163.725959","60","2022-07-07T08:48:45.727+0900","0.43","294","3.84","","","","","",""
"272","64.843106","-163.726094","60","2022-07-07T08:48:55.189+0900","0.51","270","4.10","","","","","",""
"273","64.843114","-163.726234","62","2022-07-07T08:49:04.227+0900","0.56","280","4.53","","","","","",""
"274","64.843142","-163.726395","61","2022-07-07T08:49:13.667+0900","0.68","278","4.16","","","","","",""
"275","64.843175","-163.726584","59","2022-07-07T08:49:24.209+0900","0.89","303","4.54","","","","","",""
"276","64.843186","-163.726753","61","2022-07-07T08:49:35.685+0900","0.45","276","4.23","","","","","",""
"277","64.843200","-163.726845","60","2022-07-07T08:49:45.000+0900","0.65","312","4.39","","","","","",""
"278","64.843219","-163.727008","63","2022-07-07T08:49:54.509+0900","0.68","301","8.55","","","","","",""
"279","64.843240","-163.727110","62","2022-07-07T08:50:05.609+0900","0.58","330","5.55","","","","","",""
"280","64.843260","-163.727238","61","2022-07-07T08:50:14.847+0900","0.39","306","4.04","","","","","",""
"281","64.843276","-163.727326","62","2022-07-07T08:50:24.000+0900","0.13","314","3.57","","","","","",""
"282","64.843281","-163.727294","63","2022-07-07T08:50:33.323+0900","0.31","348","3.42","","","","","",""
"283","64.843296","-163.727254","63","2022-07-07T08:50:43.000+0900","0.00","348","3.63","","","","","",""
"284","64.843303","-163.727276","66","2022-07-07T08:50:57.187+0900","0.58","331","3.64","","","","","",""
"285","64.843320","-163.727461","64","2022-07-07T08:51:06.188+0900","0.59","324","5.07","","","","","",""
"286","64.843324","-163.727552","65","2022-07-07T08:51:16.000+0900","0.35","283","4.19","","","","","",""
"287","64.843342","-163.727728","66","2022-07-07T08:51:26.707+0900","0.62","276","4.50","","","","","",""
"288","64.843416","-163.727841","66","2022-07-07T08:51:36.505+0900","0.60","305","4.38","","","","","",""
"289","64.843468","-163.727944","66","2022-07-07T08:51:45.609+0900","0.61","323","4.45","","","","","",""
"290","64.843468","-163.728101","66","2022-07-07T08:51:55.346+0900","0.64","289","4.92","","","","","",""
"291","64.843453","-163.728174","65","2022-07-07T08:52:04.687+0900","0.47","268","3.69","","","","","",""
"292","64.843438","-163.728245","64","2022-07-07T08:52:14.144+0900","0.23","270","3.93","","","","","",""
"293","64.843420","-163.728420","65","2022-07-07T08:52:23.444+0900","0.87","265","4.46","","","","","",""
"294","64.843416","-163.728547","66","2022-07-07T08:52:33.147+0900","0.47","360","4.14","","","","","",""
"295","64.843408","-163.728536","66","2022-07-07T08:52:42.188+0900","0.00","360","3.06","","","","","",""
"296","64.843406","-163.728591","67","2022-07-07T08:52:51.221+0900","0.92","237","3.45","","","","","",""
"297","64.843383","-163.728769","67","2022-07-07T08:53:01.000+0900","0.27","266","4.48","","","","","",""
"298","64.843379","-163.728732","69","2022-07-07T08:53:11.545+0900","0.06","258","3.73","","","","","",""
"299","64.843395","-163.728660","67","2022-07-07T08:53:21.609+0900","0.01","258","3.77","","","","","",""
"300","64.843388","-163.728681","66","2022-07-07T08:53:56.000+0900","0.74","204","3.90","","","","","",""
"301","64.843355","-163.728746","70","2022-07-07T08:54:05.362+0900","0.83","210","4.90","","","","","",""
"302","64.843353","-163.728963","68","2022-07-07T08:54:16.702+0900","0.75","280","4.31","","","","","",""
"303","64.843375","-163.729061","70","2022-07-07T08:54:26.000+0900","0.44","312","4.57","","","","","",""
"304","64.843406","-163.729112","70","2022-07-07T08:54:35.407+0900","0.56","324","4.59","","","","","",""
"305","64.843435","-163.729253","69","2022-07-07T08:54:45.325+0900","0.60","311","4.35","","","","","",""
"306","64.843449","-163.729398","68","2022-07-07T08:54:56.647+0900","0.53","265","4.51","","","","","",""
"307","64.843496","-163.729517","68","2022-07-07T08:55:06.669+0900","0.75","326","4.25","","","","","",""
"308","64.843488","-163.729610","69","2022-07-07T08:55:16.367+0900","0.34","310","4.05","","","","","",""
"309","64.843534","-163.729800","66","2022-07-07T08:55:25.506+0900","0.75","314","4.10","","","","","",""
"310","64.843603","-163.729744","68","2022-07-07T08:55:35.000+0900","0.34","72","4.32","","","","","",""
"311","64.843659","-163.729834","66","2022-07-07T08:55:44.647+0900","0.77","356","4.74","","","","","",""
"312","64.843655","-163.730000","66","2022-07-07T08:55:54.209+0900","0.70","277","4.28","","","","","",""
"313","64.843732","-163.729927","66","2022-07-07T08:56:03.388+0900","0.53","21","4.38","","","","","",""
"314","64.843775","-163.729838","68","2022-07-07T08:56:13.206+0900","0.49","46","4.15","","","","","",""
"315","64.843784","-163.729840","67","2022-07-07T08:56:35.000+0900","0.42","63","3.69","","","","","",""
"316","64.843781","-163.729863","66","2022-07-07T08:56:44.423+0900","0.01","63","3.74","","","","","",""
"317","64.843796","-163.729782","66","2022-07-07T08:56:56.428+0900","0.53","78","4.35","","","","","",""
"318","64.843805","-163.729771","68","2022-07-07T08:57:05.451+0900","0.01","45","4.14","","","","","",""
"319","64.843811","-163.729701","68","2022-07-07T08:57:16.348+0900","0.92","104","4.08","","","","","",""
"320","64.843813","-163.729558","67","2022-07-07T08:57:25.824+0900","0.64","33","4.64","","","","","",""
"321","64.843856","-163.729485","69","2022-07-07T08:57:35.321+0900","0.80","63","4.18","","","","","",""
"322","64.843910","-163.729376","69","2022-07-07T08:57:46.189+0900","0.59","18","4.28","","","","","",""
"323","64.843906","-163.729261","69","2022-07-07T08:57:55.248+0900","0.45","126","4.29","","","","","",""
"324","64.843909","-163.729151","67","2022-07-07T08:58:04.444+0900","0.46","77","4.20","","","","","",""
"325","64.843965","-163.729092","69","2022-07-07T08:58:13.732+0900","0.37","17","4.34","","","","","",""
"326","64.843966","-163.728988","70","2022-07-07T08:58:23.344+0900","0.33","121","4.57","","","","","",""
"327","64.843999","-163.728865","70","2022-07-07T08:58:33.263+0900","0.82","78","4.53","","","","","",""
"328","64.844029","-163.728785","69","2022-07-07T08:58:42.567+0900","0.51","45","3.95","","","","","",""
"329","64.844017","-163.728674","68","2022-07-07T08:58:51.729+0900","0.42","86","4.16","","","","","",""
"330","64.843974","-163.728558","68","2022-07-07T08:59:01.567+0900","0.57","135","4.64","","","","","",""
"331","64.843924","-163.728488","65","2022-07-07T08:59:10.649+0900","0.78","133","4.86","","","","","",""
"332","64.843923","-163.728261","67","2022-07-07T08:59:21.687+0900","0.95","58","4.53","","","","","",""
"333","64.843942","-163.728239","63","2022-07-07T08:59:31.308+0900","0.57","70","4.30","","","","","",""
"334","64.843964","-163.728075","66","2022-07-07T08:59:42.567+0900","0.70","104","4.53","","","","","",""
"335","64.843993","-163.727923","67","2022-07-07T08:59:51.568+0900","0.80","80","4.58","","","","","",""
"336","64.844026","-163.727817","65","2022-07-07T09:00:00.629+0900","0.77","101","4.36","","","","","",""
"337","64.844026","-163.727616","64","2022-07-07T09:00:10.000+0900","0.43","96","4.26","","","","","",""
"338","64.844079","-163.727568","64","2022-07-07T09:00:21.506+0900","0.58","27","4.26","","","","","",""
"339","64.844122","-163.727499","65","2022-07-07T09:00:32.248+0900","0.53","34","4.32","","","","","",""
"340","64.844168","-163.727471","69","2022-07-07T09:00:41.688+0900","0.51","1","3.76","","","","","",""
"341","64.844257","-163.727434","69","2022-07-07T09:00:51.306+0900","0.70","10","4.39","","","","","",""
"342","64.844316","-163.727484","69","2022-07-07T09:01:00.507+0900","0.83","339","3.88","","","","","",""
"343","64.844379","-163.727486","66","2022-07-07T09:01:10.644+0900","0.55","321","4.51","","","","","",""
"344","64.844440","-163.727445","65","2022-07-07T09:01:19.668+0900","0.69","35","4.82","","","","","",""
"345","64.844526","-163.727440","65","2022-07-07T09:01:29.000+0900","0.58","22","4.08","","","","","",""
"346","64.844564","-163.727492","67","2022-07-07T09:01:39.147+0900","0.53","359","4.06","","","","","",""
"347","64.844618","-163.727447","67","2022-07-07T09:01:48.285+0900","0.66","103","4.19","","","","","",""
"348","64.844659","-163.727398","68","2022-07-07T09:01:57.426+0900","0.63","93","4.30","","","","","",""
"349","64.844614","-163.727398","70","2022-07-07T09:02:07.289+0900","0.53","152","3.66","","","","","",""
"350","64.844600","-163.727266","69","2022-07-07T09:02:17.567+0900","0.55","90","4.06","","","","","",""
"351","64.844586","-163.727208","67","2022-07-07T09:02:27.307+0900","0.00","131","4.33","","","","","",""
"352","64.844576","-163.727209","67","2022-07-07T09:02:53.000+0900","0.40","124","3.56","","","","","",""
"353","64.844568","-163.727193","66","2022-07-07T09:03:02.609+0900","0.62","167","3.97","","","","","",""
"354","64.844550","-163.727014","64","2022-07-07T09:03:12.565+0900","0.43","125","4.51","","","","","",""
"355","64.844535","-163.726940","64","2022-07-07T09:03:22.000+0900","0.00","90","4.06","","","","","",""
"356","64.844559","-163.726828","64","2022-07-07T09:03:32.506+0900","1.06","35","4.40","","","","","",""
"357","64.844584","-163.726686","64","2022-07-07T09:03:43.263+0900","0.62","93","4.68","","","","","",""
"358","64.844599","-163.726516","64","2022-07-07T09:03:52.550+0900","0.70","80","3.95","","","","","",""
"359","64.844629","-163.726506","64","2022-07-07T09:04:02.706+0900","0.49","317","4.70","","","","","",""
"360","64.844704","-163.726397","63","2022-07-07T09:04:12.542+0900","0.56","8","4.59","","","","","",""
"361","64.844758","-163.726325","64","2022-07-07T09:04:23.125+0900","0.25","8","4.30","","","","","",""
"362","64.844804","-163.726253","64","2022-07-07T09:04:33.569+0900","0.82","32","4.31","","","","","",""
"363","64.844823","-163.726156","62","2022-07-07T09:04:43.247+0900","0.34","84","3.73","","","","","",""
"364","64.844822","-163.726096","62","2022-07-07T09:04:53.024+0900","0.12","108","3.29","","","","","",""
"365","64.844806","-163.726013","61","2022-07-07T09:05:02.410+0900","0.72","92","3.99","","","","","",""
"366","64.844822","-163.725901","60","2022-07-07T09:05:12.449+0900","0.54","111","4.14","","","","","",""
"367","64.844831","-163.725888","60","2022-07-07T09:05:23.384+0900","0.00","107","3.24","","","","","",""
"368","64.844816","-163.725863","60","2022-07-07T09:05:38.000+0900","0.11","54","3.80","","","","","",""
"369","64.844768","-163.725800","59","2022-07-07T09:05:47.306+0900","0.60","115","3.96","","","","","",""
"370","64.844774","-163.725645","58","2022-07-07T09:05:57.646+0900","0.67","106","4.34","","","","","",""
"371","64.844776","-163.725511","58","2022-07-07T09:06:07.285+0900","0.78","109","4.13","","","","","",""
"372","64.844794","-163.725383","58","2022-07-07T09:06:16.465+0900","0.43","123","4.36","","","","","",""
"373","64.844783","-163.725261","58","2022-07-07T09:06:26.365+0900","0.60","143","4.51","","","","","",""
"374","64.844732","-163.725352","62","2022-07-07T09:06:37.605+0900","0.55","195","4.39","","","","","",""
"375","64.844688","-163.725279","60","2022-07-07T09:06:47.408+0900","0.38","152","4.26","","","","","",""
"376","64.844595","-163.725255","59","2022-07-07T09:06:57.000+0900","0.53","173","4.46","","","","","",""
"377","64.844540","-163.725295","58","2022-07-07T09:07:08.607+0900","0.71","163","4.07","","","","","",""
"378","64.844492","-163.725305","59","2022-07-07T09:07:18.369+0900","0.56","136","3.84","","","","","",""
"379","64.844416","-163.725304","59","2022-07-07T09:07:27.748+0900","0.66","178","3.70","","","","","",""
"380","64.844344","-163.725320","59","2022-07-07T09:07:38.727+0900","0.67","203","4.03","","","","","",""
"381","64.844276","-163.725267","56","2022-07-07T09:07:48.264+0900","0.67","165","4.35","","","","","",""
"382","64.844210","-163.725290","57","2022-07-07T09:07:58.607+0900","0.66","188","4.22","","","","","",""
"383","64.844146","-163.725302","57","2022-07-07T09:08:08.000+0900","0.62","178","3.86","","","","","",""
"384","64.844094","-163.725283","58","2022-07-07T09:08:17.645+0900","0.67","185","4.54","","","","","",""
"385","64.844042","-163.725264","58","2022-07-07T09:08:27.246+0900","0.43","177","4.38","","","","","",""
"386","64.843956","-163.725267","57","2022-07-07T09:08:37.608+0900","0.74","190","4.76","","","","","",""
"387","64.843882","-163.725299","57","2022-07-07T09:08:47.289+0900","0.79","192","4.56","","","","","",""
"388","64.843820","-163.725259","58","2022-07-07T09:08:56.603+0900","0.81","177","4.61","","","","","",""
"389","64.843758","-163.725265","56","2022-07-07T09:09:06.525+0900","0.69","188","4.33","","","","","",""
"390","64.843700","-163.725286","58","2022-07-07T09:09:15.648+0900","0.70","188","4.09","","","","","",""
"391","64.843627","-163.725385","58","2022-07-07T09:09:25.267+0900","0.71","199","4.80","","","","","",""
"392","64.843556","-163.725377","58","2022-07-07T09:09:34.502+0900","0.79","167","4.47","","","","","",""
"393","64.843453","-163.725345","59","2022-07-07T09:09:44.000+0900","0.94","174","4.60","","","","","",""
"394","64.843407","-163.725368","60","2022-07-07T09:09:53.223+0900","0.53","154","4.36","","","","","",""
"395","64.843344","-163.725391","60","2022-07-07T09:10:03.203+0900","0.70","177","3.92","","","","","",""
"396","64.843282","-163.725423","61","2022-07-07T09:10:12.731+0900","0.53","181","4.54","","","","","",""
"397","64.843250","-163.725271","59","2022-07-07T09:10:22.000+0900","0.59","122","4.55","","","","","",""
"398","64.843228","-163.725090","58","2022-07-07T09:10:32.667+0900","0.66","106","4.71","","","","","",""
"399","64.843215","-163.724974","59","2022-07-07T09:10:42.427+0900","0.39","91","4.12","","","","","",""
"400","64.843177","-163.724896","59","2022-07-07T09:10:51.487+0900","0.39","129","4.29","","","","","",""
"401","64.843146","-163.724752","60","2022-07-07T09:11:02.744+0900","0.46","111","4.23","","","","","",""
"402","64.843119","-163.724578","61","2022-07-07T09:11:12.602+0900","0.57","121","4.20","","","","","",""
"403","64.843128","-163.724581","57","2022-07-07T09:11:28.588+0900","0.00","136","3.41","","","","","",""
"404","64.843119","-163.724564","59","2022-07-07T09:11:43.346+0900","0.70","195","3.62","","","","","",""
"405","64.843102","-163.724397","59","2022-07-07T09:11:52.409+0900","0.58","58","4.11","","","","","",""
"406","64.843103","-163.724243","59","2022-07-07T09:12:02.187+0900","0.89","87","4.63","","","","","",""
"407","64.843110","-163.724092","57","2022-07-07T09:12:11.568+0900","0.58","71","4.19","","","","","",""
"408","64.843184","-163.724093","57","2022-07-07T09:12:20.728+0900","0.84","14","3.72","","","","","",""
"409","64.843231","-163.724043","57","2022-07-07T09:12:30.000+0900","0.19","0","3.77","","","","","",""
"410","64.843228","-163.724023","57","2022-07-07T09:12:50.583+0900","0.21","0","3.46","","","","","",""
"411","64.843326","-163.723979","57","2022-07-07T09:13:01.563+0900","0.86","23","4.82","","","","","",""
"412","64.843399","-163.723935","58","2022-07-07T09:13:11.000+0900","0.75","29","4.77","","","","","",""
"413","64.843454","-163.723894","57","2022-07-07T09:13:21.683+0900","0.79","23","4.45","","","","","",""
"414","64.843523","-163.723898","59","2022-07-07T09:13:32.322+0900","0.68","13","4.25","","","","","",""
"415","64.843577","-163.723913","59","2022-07-07T09:13:41.349+0900","0.85","25","4.06","","","","","",""
"416","64.843652","-163.723970","60","2022-07-07T09:13:52.704+0900","0.79","332","3.87","","","","","",""
"417","64.843743","-163.723947","60","2022-07-07T09:14:03.545+0900","0.76","7","4.23","","","","","",""
"418","64.843817","-163.723868","61","2022-07-07T09:14:14.629+0900","0.96","14","4.49","","","","","",""
"419","64.843876","-163.723840","61","2022-07-07T09:14:24.606+0900","0.78","9","4.37","","","","","",""
"420","64.843936","-163.723907","60","2022-07-07T09:14:35.204+0900","0.60","338","3.87","","","","","",""
"421","64.844000","-163.723942","60","2022-07-07T09:14:46.564+0900","0.66","349","4.39","","","","","",""
"422","64.844080","-163.723977","60","2022-07-07T09:14:57.648+0900","0.82","327","4.54","","","","","",""
"423","64.844151","-163.723968","60","2022-07-07T09:15:07.347+0900","0.82","5","4.46","","","","","",""
"424","64.844207","-163.723990","61","2022-07-07T09:15:17.285+0900","0.68","356","4.36","","","","","",""
"425","64.844273","-163.723999","62","2022-07-07T09:15:28.621+0900","0.33","4","4.65","","","","","",""
"426","64.844317","-163.723980","62","2022-07-07T09:15:38.208+0900","0.25","306","4.31","","","","","",""
"427","64.844368","-163.724061","60","2022-07-07T09:15:47.548+0900","0.60","318","4.51","","","","","",""
"428","64.844435","-163.724009","60","2022-07-07T09:15:57.388+0900","0.62","8","4.50","","","","","",""
"429","64.844486","-163.723912","60","2022-07-07T09:16:08.708+0900","0.59","19","4.03","","","","","",""
"430","64.844569","-163.723894","60","2022-07-07T09:16:19.405+0900","0.65","16","4.21","","","","","",""
"431","64.844620","-163.723825","61","2022-07-07T09:16:28.568+0900","0.45","31","4.18","","","","","",""
"432","64.844686","-163.723740","61","2022-07-07T09:16:37.690+0900","0.66","38","4.47","","","","","",""
"433","64.844771","-163.723712","61","2022-07-07T09:16:48.604+0900","0.74","6","4.21","","","","","",""
"434","64.844827","-163.723712","59","2022-07-07T09:16:58.203+0900","0.68","360","4.51","","","","","",""
"435","64.844875","-163.723677","58","2022-07-07T09:17:07.566+0900","0.57","358","4.14","","","","","",""
"436","64.844945","-163.723653","60","2022-07-07T09:17:16.727+0900","0.84","24","4.41","","","","","",""
"437","64.845015","-163.723552","61","2022-07-07T09:17:27.966+0900","0.71","21","4.46","","","","","",""
"438","64.845083","-163.723480","61","2022-07-07T09:17:37.000+0900","0.75","35","4.45","","","","","",""
"439","64.845124","-163.723521","60","2022-07-07T09:17:46.345+0900","0.55","340","4.20","","","","","",""
"440","64.845193","-163.723484","61","2022-07-07T09:17:56.641+0900","0.94","37","4.37","","","","","",""
"441","64.845181","-163.723340","58","2022-07-07T09:18:06.467+0900","0.57","98","4.46","","","","","",""
"442","64.845198","-163.723182","57","2022-07-07T09:18:16.000+0900","0.73","72","4.56","","","","","",""
"443","64.845192","-163.723089","57","2022-07-07T09:18:25.349+0900","0.57","90","4.37","","","","","",""
"444","64.845187","-163.722928","57","2022-07-07T09:18:35.000+0900","0.41","70","4.09","","","","","",""
"445","64.845194","-163.722824","57","2022-07-07T09:18:44.306+0900","0.59","78","4.32","","","","","",""
"446","64.845206","-163.722674","56","2022-07-07T09:18:53.404+0900","0.63","92","4.46","","","","","",""
"447","64.845178","-163.722617","56","2022-07-07T09:19:03.000+0900","0.28","180","4.03","","","","","",""
"448","64.845151","-163.722622","56","2022-07-07T09:19:12.243+0900","0.30","172","3.82","","","","","",""
"449","64.845130","-163.722633","56","2022-07-07T09:19:23.000+0900","0.00","180","3.33","","","","","",""
"450","64.845119","-163.722616","56","2022-07-07T09:19:35.000+0900","0.61","161","3.30","","","","","",""
"451","64.845096","-163.722622","56","2022-07-07T09:19:44.182+0900","0.63","232","3.86","","","","","",""
"452","64.845050","-163.722581","55","2022-07-07T09:19:54.109+0900","0.28","167","4.24","","","","","",""
"453","64.845007","-163.722476","56","2022-07-07T09:20:04.309+0900","0.42","149","3.97","","","","","",""
"454","64.844969","-163.722375","57","2022-07-07T09:20:13.582+0900","0.83","132","4.12","","","","","",""
"455","64.844906","-163.722308","58","2022-07-07T09:20:24.647+0900","0.80","156","4.32","","","","","",""
"456","64.844841","-163.722284","55","2022-07-07T09:20:35.546+0900","0.80","109","4.26","","","","","",""
"457","64.844768","-163.722238","57","2022-07-07T09:20:45.146+0900","0.62","142","4.23","","","","","",""
"458","64.844714","-163.722262","58","2022-07-07T09:20:54.604+0900","0.79","176","3.86","","","","","",""
"459","64.844654","-163.722200","60","2022-07-07T09:21:04.000+0900","0.38","156","3.94","","","","","",""
"460","64.844587","-163.722165","61","2022-07-07T09:21:13.742+0900","0.72","180","4.46","","","","","",""
"461","64.844506","-163.722091","59","2022-07-07T09:21:23.000+0900","0.73","163","4.60","","","","","",""
"462","64.844450","-163.722038","58","2022-07-07T09:21:32.563+0900","0.75","166","4.41","","","","","",""
"463","64.844385","-163.722037","60","2022-07-07T09:21:42.000+0900","0.83","168","4.22","","","","","",""
"464","64.844336","-163.722045","59","2022-07-07T09:21:51.731+0900","0.90","183","4.45","","","","","",""
"465","64.844264","-163.722019","59","2022-07-07T09:22:01.483+0900","0.80","171","3.91","","","","","",""
"466","64.844224","-163.721923","60","2022-07-07T09:22:11.404+0900","0.30","148","4.53","","","","","",""
"467","64.844155","-163.721898","59","2022-07-07T09:22:20.663+0900","0.54","156","4.20","","","","","",""
"468","64.844064","-163.721868","58","2022-07-07T09:22:31.609+0900","0.82","167","4.75","","","","","",""
"469","64.844010","-163.721903","55","2022-07-07T09:22:41.744+0900","0.82","194","4.78","","","","","",""
"470","64.843946","-163.721954","57","2022-07-07T09:22:51.000+0900","0.65","189","4.78","","","","","",""
"471","64.843891","-163.721911","57","2022-07-07T09:23:01.428+0900","0.49","156","4.50","","","","","",""
"472","64.843806","-163.721844","57","2022-07-07T09:23:10.687+0900","0.77","170","4.50","","","","","",""
"473","64.843766","-163.721819","56","2022-07-07T09:23:20.194+0900","0.13","229","4.23","","","","","",""
"474","64.843746","-163.721808","55","2022-07-07T09:23:29.330+0900","0.01","229","3.42","","","","","",""
"475","64.843747","-163.721726","55","2022-07-07T09:23:39.000+0900","0.11","54","3.81","","","","","",""
"476","64.843733","-163.721704","55","2022-07-07T09:23:49.347+0900","0.60","153","3.21","","","","","",""
"477","64.843646","-163.721717","56","2022-07-07T09:23:59.707+0900","0.78","186","4.56","","","","","",""
"478","64.843570","-163.721720","58","2022-07-07T09:24:09.469+0900","0.77","183","4.12","","","","","",""
"479","64.843514","-163.721654","57","2022-07-07T09:24:18.564+0900","0.76","178","4.20","","","","","",""
"480","64.843442","-163.721662","57","2022-07-07T09:24:28.246+0900","0.75","181","4.18","","","","","",""
"481","64.843350","-163.721711","55","2022-07-07T09:24:38.000+0900","0.82","188","4.55","","","","","",""
"482","64.843283","-163.721714","55","2022-07-07T09:24:47.468+0900","0.86","185","4.49","","","","","",""
"483","64.843225","-163.721712","54","2022-07-07T09:24:56.549+0900","0.79","187","5.13","","","","","",""
"484","64.843152","-163.721758","53","2022-07-07T09:25:06.126+0900","0.64","204","4.19","","","","","",""
"485","64.843084","-163.721756","51","2022-07-07T09:25:16.544+0900","0.77","176","4.13","","","","","",""
"486","64.843039","-163.721672","52","2022-07-07T09:25:27.344+0900","0.47","146","3.76","","","","","",""
"487","64.843030","-163.721657","51","2022-07-07T09:25:42.000+0900","0.58","167","3.36","","","","","",""
"488","64.842986","-163.721640","54","2022-07-07T09:25:51.630+0900","0.59","173","4.30","","","","","",""
"489","64.842898","-163.721587","56","2022-07-07T09:26:02.561+0900","0.78","174","4.61","","","","","",""
"490","64.842823","-163.721642","55","2022-07-07T09:26:11.626+0900","0.82","174","3.83","","","","","",""
"491","64.842754","-163.721622","54","2022-07-07T09:26:21.206+0900","0.76","179","4.43","","","","","",""
"492","64.842693","-163.721592","54","2022-07-07T09:26:30.507+0900","0.80","185","4.79","","","","","",""
"493","64.842618","-163.721562","55","2022-07-07T09:26:40.204+0900","0.83","173","4.69","","","","","",""
"494","64.842573","-163.721521","55","2022-07-07T09:26:49.586+0900","0.57","158","4.54","","","","","",""
"495","64.842515","-163.721525","56","2022-07-07T09:26:59.688+0900","0.55","176","4.45","","","","","",""
"496","64.842470","-163.721381","57","2022-07-07T09:27:09.563+0900","0.63","146","4.63","","","","","",""
"497","64.842433","-163.721283","56","2022-07-07T09:27:18.583+0900","0.46","167","4.58","","","","","",""
"498","64.842431","-163.721155","55","2022-07-07T09:27:28.746+0900","0.32","150","4.41","","","","","",""
"499","64.842406","-163.721063","54","2022-07-07T09:27:38.000+0900","0.59","153","4.08","","","","","",""
"500","64.842387","-163.720989","54","2022-07-07T09:27:47.405+0900","0.58","66","4.22","","","","","",""
"501","64.842357","-163.720806","54","2022-07-07T09:27:57.704+0900","0.72","114","4.66","","","","","",""
"502","64.842330","-163.720658","56","2022-07-07T09:28:07.587+0900","0.74","114","4.66","","","","","",""
"503","64.842313","-163.720522","55","2022-07-07T09:28:17.008+0900","0.76","118","4.51","","","","","",""
"504","64.842308","-163.720363","57","2022-07-07T09:28:26.343+0900","0.74","99","4.28","","","","","",""
"505","64.842302","-163.720194","55","2022-07-07T09:28:36.326+0900","0.78","98","4.70","","","","","",""
"506","64.842308","-163.720044","55","2022-07-07T09:28:46.728+0900","0.76","93","4.62","","","","","",""
"507","64.842383","-163.720027","56","2022-07-07T09:28:57.568+0900","0.46","62","4.67","","","","","",""
"508","64.842465","-163.719928","57","2022-07-07T09:29:07.729+0900","1.18","49","4.37","","","","","",""
"509","64.842529","-163.719847","58","2022-07-07T09:29:17.690+0900","0.78","33","4.52","","","","","",""
"510","64.842602","-163.719828","61","2022-07-07T09:29:27.509+0900","0.71","17","4.52","","","","","",""
"511","64.842670","-163.719793","62","2022-07-07T09:29:37.629+0900","0.84","73","4.47","","","","","",""
"512","64.842730","-163.719827","59","2022-07-07T09:29:48.467+0900","0.56","343","4.48","","","","","",""
"513","64.842809","-163.719851","59","2022-07-07T09:29:57.706+0900","0.86","329","4.65","","","","","",""
"514","64.842870","-163.719859","56","2022-07-07T09:30:07.647+0900","0.73","350","4.61","","","","","",""
"515","64.842945","-163.719826","57","2022-07-07T09:30:18.264+0900","0.73","1","4.65","","","","","",""
"516","64.843018","-163.719755","58","2022-07-07T09:30:27.609+0900","0.77","11","4.40","","","","","",""
"517","64.843077","-163.719698","57","2022-07-07T09:30:37.000+0900","0.44","37","4.46","","","","","",""
"518","64.843090","-163.719687","57","2022-07-07T09:30:46.569+0900","0.57","43","3.96","","","","","",""
"519","64.843170","-163.719729","57","2022-07-07T09:30:56.504+0900","0.97","357","5.06","","","","","",""
"520","64.843233","-163.719769","56","2022-07-07T09:31:05.665+0900","0.70","349","4.70","","","","","",""
"521","64.843294","-163.719711","56","2022-07-07T09:31:16.705+0900","0.35","22","3.88","","","","","",""
"522","64.843359","-163.719681","56","2022-07-07T09:31:26.307+0900","0.65","359","4.40","","","","","",""
"523","64.843436","-163.719688","56","2022-07-07T09:31:35.528+0900","0.89","7","4.42","","","","","",""
"524","64.843492","-163.719683","55","2022-07-07T09:31:44.590+0900","0.65","4","4.26","","","","","",""
"525","64.843532","-163.719713","53","2022-07-07T09:31:54.145+0900","0.37","0","3.64","","","","","",""
"526","64.843584","-163.719825","52","2022-07-07T09:32:03.189+0900","0.85","335","4.50","","","","","",""
"527","64.843644","-163.719860","52","2022-07-07T09:32:12.464+0900","0.75","336","4.30","","","","","",""
"528","64.843711","-163.719834","53","2022-07-07T09:32:21.747+0900","0.80","355","4.60","","","","","",""
"529","64.843772","-163.719899","54","2022-07-07T09:32:31.606+0900","0.58","330","4.44","","","","","",""
"530","64.843830","-163.719892","55","2022-07-07T09:32:41.000+0900","0.52","1","4.30","","","","","",""
"531","64.843917","-163.719855","56","2022-07-07T09:32:52.743+0900","0.80","0","4.54","","","","","",""
"532","64.844008","-163.719832","56","2022-07-07T09:33:02.000+0900","0.64","353","4.40","","","","","",""
"533","64.844062","-163.719840","58","2022-07-07T09:33:11.486+0900","0.84","355","4.26","","","","","",""
"534","64.844122","-163.719827","59","2022-07-07T09:33:21.188+0900","0.77","10","4.59","","","","","",""
"535","64.844182","-163.719852","58","2022-07-07T09:33:30.564+0900","0.79","2","4.65","","","","","",""
"536","64.844246","-163.719863","59","2022-07-07T09:33:41.725+0900","0.77","358","4.02","","","","","",""
"537","64.844317","-163.719881","57","2022-07-07T09:33:51.384+0900","0.69","345","4.60","","","","","",""
"538","64.844376","-163.719911","58","2022-07-07T09:34:00.468+0900","0.67","352","4.57","","","","","",""
"539","64.844433","-163.719829","59","2022-07-07T09:34:10.726+0900","0.48","11","4.41","","","","","",""
"540","64.844495","-163.719869","59","2022-07-07T09:34:20.386+0900","0.40","358","4.33","","","","","",""
"541","64.844486","-163.719871","57","2022-07-07T09:35:01.187+0900","0.00","358","4.09","","","","","",""
"542","64.844549","-163.719835","56","2022-07-07T09:35:11.144+0900","0.85","337","5.08","","","","","",""
"543","64.844614","-163.719934","55","2022-07-07T09:35:20.628+0900","0.79","315","4.32","","","","","",""
"544","64.844694","-163.719871","54","2022-07-07T09:35:30.000+0900","0.65","356","3.73","","","","","",""
"545","64.844758","-163.719881","54","2022-07-07T09:35:39.446+0900","0.77","12","3.80","","","","","",""
"546","64.844805","-163.719784","54","2022-07-07T09:35:48.624+0900","0.94","54","4.30","","","","","",""
"547","64.844875","-163.719723","55","2022-07-07T09:35:57.828+0900","0.66","5","4.33","","","","","",""
"548","64.844933","-163.719787","58","2022-07-07T09:36:07.264+0900","0.95","327","3.86","","","","","",""
"549","64.844998","-163.719807","57","2022-07-07T09:36:16.582+0900","0.78","315","4.34","","","","","",""
"550","64.845080","-163.719748","55","2022-07-07T09:36:26.069+0900","0.74","7","4.42","","","","","",""
"551","64.845133","-163.719696","56","2022-07-07T09:36:36.609+0900","0.81","12","4.07","","","","","",""
"552","64.845145","-163.719545","52","2022-07-07T09:36:46.444+0900","0.67","135","4.07","","","","","",""
"553","64.845119","-163.719388","51","2022-07-07T09:36:55.705+0900","0.64","108","4.14","","","","","",""
"554","64.845120","-163.719167","50","2022-07-07T09:37:05.000+0900","0.81","89","4.57","","","","","",""
"555","64.845137","-163.719036","50","2022-07-07T09:37:14.178+0900","0.89","77","4.33","","","","","",""
"556","64.845108","-163.718890","50","2022-07-07T09:37:23.405+0900","0.78","105","4.36","","","","","",""
"557","64.845072","-163.718749","50","2022-07-07T09:37:32.428+0900","0.81","102","4.25","","","","","",""
"558","64.845034","-163.718624","50","2022-07-07T09:37:41.486+0900","0.78","124","4.85","","","","","",""
"559","64.845034","-163.718428","50","2022-07-07T09:37:51.000+0900","0.83","93","4.51","","","","","",""
"560","64.845025","-163.718261","50","2022-07-07T09:38:00.408+0900","0.92","135","4.53","","","","","",""
"561","64.844958","-163.718249","49","2022-07-07T09:38:11.581+0900","0.75","182","4.34","","","","","",""
"562","64.844880","-163.718303","47","2022-07-07T09:38:21.000+0900","1.00","202","3.91","","","","","",""
"563","64.844828","-163.718265","46","2022-07-07T09:38:30.279+0900","0.56","186","4.57","","","","","",""
"564","64.844763","-163.718267","46","2022-07-07T09:38:39.535+0900","0.75","189","4.70","","","","","",""
"565","64.844722","-163.718270","47","2022-07-07T09:38:49.414+0900","0.15","180","4.30","","","","","",""
"566","64.844661","-163.718274","46","2022-07-07T09:39:00.249+0900","0.57","168","3.92","","","","","",""
"567","64.844602","-163.718229","47","2022-07-07T09:39:09.511+0900","0.84","159","4.39","","","","","",""
"568","64.844534","-163.718237","48","2022-07-07T09:39:18.553+0900","0.66","187","4.54","","","","","",""
"569","64.844466","-163.718171","50","2022-07-07T09:39:28.000+0900","0.60","162","4.68","","","","","",""
"570","64.844411","-163.718164","52","2022-07-07T09:39:37.527+0900","0.59","169","4.45","","","","","",""
"571","64.844336","-163.718188","51","2022-07-07T09:39:46.673+0900","0.69","179","4.51","","","","","",""
"572","64.844285","-163.718144","49","2022-07-07T09:39:56.410+0900","0.63","161","4.47","","","","","",""
"573","64.844222","-163.718184","49","2022-07-07T09:40:06.207+0900","0.64","187","4.50","","","","","",""
"574","64.844162","-163.718179","48","2022-07-07T09:40:15.668+0900","0.69","184","3.95","","","","","",""
"575","64.844108","-163.718131","49","2022-07-07T09:40:25.354+0900","0.64","164","3.94","","","","","",""
"576","64.844032","-163.718135","49","2022-07-07T09:40:35.150+0900","0.73","183","3.64","","","","","",""
"577","64.843971","-163.718213","49","2022-07-07T09:40:44.530+0900","0.68","204","4.00","","","","","",""
"578","64.843905","-163.718178","50","2022-07-07T09:40:53.551+0900","0.73","169","4.67","","","","","",""
"579","64.843848","-163.718154","48","2022-07-07T09:41:02.588+0900","0.71","166","4.67","","","","","",""
"580","64.843788","-163.718219","46","2022-07-07T09:41:12.490+0900","0.62","199","4.60","","","","","",""
"581","64.843740","-163.718308","47","2022-07-07T09:41:22.347+0900","0.52","230","4.28","","","","","",""
"582","64.843682","-163.718245","47","2022-07-07T09:41:31.376+0900","0.65","151","4.10","","","","","",""
"583","64.843631","-163.718098","49","2022-07-07T09:41:40.729+0900","0.64","158","4.40","","","","","",""
"584","64.843590","-163.718018","48","2022-07-07T09:41:50.529+0900","0.55","161","4.09","","","","","",""
"585","64.843515","-163.718006","48","2022-07-07T09:42:02.588+0900","0.66","185","3.75","","","","","",""
"586","64.843480","-163.718017","48","2022-07-07T09:42:12.489+0900","0.26","178","4.07","","","","","",""
"587","64.843451","-163.717931","48","2022-07-07T09:42:22.410+0900","0.45","140","4.39","","","","","",""
"588","64.843396","-163.717827","48","2022-07-07T09:42:33.509+0900","0.76","184","3.99","","","","","",""
"589","64.843320","-163.717842","49","2022-07-07T09:42:43.149+0900","0.68","203","4.61","","","","","",""
"590","64.843269","-163.717886","49","2022-07-07T09:42:52.247+0900","0.73","204","4.34","","","","","",""
"591","64.843212","-163.717856","49","2022-07-07T09:43:01.371+0900","0.64","168","4.54","","","","","",""
"592","64.843162","-163.717845","47","2022-07-07T09:43:11.613+0900","0.50","192","4.59","","","","","",""
"593","64.843066","-163.717878","49","2022-07-07T09:43:21.000+0900","0.77","199","4.51","","","","","",""
"594","64.843004","-163.717839","52","2022-07-07T09:43:30.391+0900","0.84","177","4.69","","","","","",""
"595","64.842940","-163.717687","53","2022-07-07T09:43:40.354+0900","0.81","147","4.10","","","","","",""
"596","64.842906","-163.717632","52","2022-07-07T09:43:49.534+0900","0.76","155","4.05","","","","","",""
"597","64.842834","-163.717670","50","2022-07-07T09:43:58.733+0900","0.84","158","4.55","","","","","",""
"598","64.842768","-163.717622","50","2022-07-07T09:44:08.392+0900","0.65","163","4.59","","","","","",""
"599","64.842722","-163.717548","50","2022-07-07T09:44:17.670+0900","0.49","166","4.02","","","","","",""
"600","64.842659","-163.717510","50","2022-07-07T09:44:27.000+0900","0.62","178","4.62","","","","","",""
"601","64.842606","-163.717488","49","2022-07-07T09:44:36.310+0900","0.67","180","4.36","","","","","",""
"602","64.842560","-163.717398","50","2022-07-07T09:44:45.651+0900","0.84","116","4.26","","","","","",""
"603","64.842545","-163.717209","49","2022-07-07T09:44:55.352+0900","0.82","104","3.88","","","","","",""
"604","64.842513","-163.717068","49","2022-07-07T09:45:04.532+0900","0.68","106","4.24","","","","","",""
"605","64.842510","-163.716899","49","2022-07-07T09:45:14.408+0900","0.60","105","4.36","","","","","",""
"606","64.842479","-163.716682","48","2022-07-07T09:45:24.000+0900","0.74","111","4.30","","","","","",""
"607","64.842462","-163.716548","48","2022-07-07T09:45:33.292+0900","0.73","113","4.36","","","","","",""
"608","64.842463","-163.716366","48","2022-07-07T09:45:44.629+0900","0.81","102","4.30","","","","","",""
"609","64.842438","-163.716246","48","2022-07-07T09:45:54.276+0900","0.67","120","4.41","","","","","",""
"610","64.842464","-163.716108","48","2022-07-07T09:46:03.454+0900","0.58","24","4.15","","","","","",""
"611","64.842560","-163.716071","51","2022-07-07T09:46:13.554+0900","0.85","14","3.90","","","","","",""
"612","64.842646","-163.716057","54","2022-07-07T09:46:23.613+0900","0.83","3","4.48","","","","","",""
"613","64.842716","-163.716021","54","2022-07-07T09:46:33.688+0900","0.69","360","4.36","","","","","",""
"614","64.842774","-163.715994","54","2022-07-07T09:46:43.155+0900","0.75","15","4.49","","","","","",""
"615","64.842845","-163.715952","55","2022-07-07T09:46:52.708+0900","0.85","15","4.42","","","","","",""
"616","64.842919","-163.716012","55","2022-07-07T09:47:02.189+0900","0.76","355","4.42","","","","","",""
"617","64.843008","-163.715995","55","2022-07-07T09:47:13.734+0900","0.80","3","4.55","","","","","",""
"618","64.843049","-163.716021","54","2022-07-07T09:47:23.000+0900","0.35","354","4.33","","","","","",""
"619","64.843102","-163.715990","55","2022-07-07T09:47:32.271+0900","0.76","18","4.37","","","","","",""
"620","64.843185","-163.715990","55","2022-07-07T09:47:43.611+0900","0.80","7","4.38","","","","","",""
"621","64.843257","-163.716003","54","2022-07-07T09:47:53.333+0900","0.76","4","4.68","","","","","",""
"622","64.843331","-163.716039","53","2022-07-07T09:48:03.812+0900","0.76","2","4.04","","","","","",""
"623","64.843406","-163.716065","53","2022-07-07T09:48:14.686+0900","0.70","356","4.55","","","","","",""
"624","64.843466","-163.716113","52","2022-07-07T09:48:24.112+0900","0.70","342","3.99","","","","","",""
"625","64.843483","-163.716109","52","2022-07-07T09:48:34.209+0900","0.08","342","3.85","","","","","",""
"626","64.843524","-163.716134","52","2022-07-07T09:48:44.000+0900","0.22","313","3.97","","","","","",""
"627","64.843554","-163.716242","53","2022-07-07T09:48:53.092+0900","0.66","320","4.43","","","","","",""
"628","64.843631","-163.716165","53","2022-07-07T09:49:02.348+0900","0.76","4","4.13","","","","","",""
"629","64.843664","-163.716114","53","2022-07-07T09:49:12.253+0900","0.22","0","3.52","","","","","",""
"630","64.843707","-163.716108","53","2022-07-07T09:49:21.713+0900","0.28","334","3.55","","","","","",""
"631","64.843786","-163.716115","53","2022-07-07T09:49:31.313+0900","0.68","9","3.77","","","","","",""
"632","64.843819","-163.716112","54","2022-07-07T09:49:40.590+0900","0.13","360","4.11","","","","","",""
"633","64.843876","-163.716143","53","2022-07-07T09:49:49.608+0900","0.00","357","4.19","","","","","",""
"634","64.843923","-163.716166","54","2022-07-07T09:49:59.672+0900","0.70","349","4.14","","","","","",""
"635","64.844006","-163.716148","53","2022-07-07T09:50:09.508+0900","0.73","358","3.79","","","","","",""
"636","64.844058","-163.716118","53","2022-07-07T09:50:18.671+0900","0.71","354","3.83","","","","","",""
"637","64.844137","-163.716129","52","2022-07-07T09:50:29.731+0900","0.71","0","4.26","","","","","",""
"638","64.844205","-163.716134","52","2022-07-07T09:50:39.309+0900","0.76","3","4.45","","","","","",""
"639","64.844265","-163.716174","52","2022-07-07T09:50:49.590+0900","0.76","355","4.41","","","","","",""
"640","64.844333","-163.716172","51","2022-07-07T09:50:59.251+0900","0.84","2","4.37","","","","","",""
"641","64.844389","-163.716138","52","2022-07-07T09:51:08.715+0900","0.64","2","4.52","","","","","",""
"642","64.844457","-163.716153","53","2022-07-07T09:51:19.811+0900","0.80","1","4.25","","","","","",""
"643","64.844526","-163.716141","52","2022-07-07T09:51:30.330+0900","0.65","1","4.12","","","","","",""
"644","64.844574","-163.716164","52","2022-07-07T09:51:39.611+0900","0.76","352","4.50","","","","","",""
"645","64.844649","-163.716186","52","2022-07-07T09:51:49.000+0900","0.34","4","4.17","","","","","",""
"646","64.844683","-163.716195","52","2022-07-07T09:51:58.470+0900","0.57","350","4.12","","","","","",""
"647","64.844759","-163.716205","52","2022-07-07T09:52:08.669+0900","0.75","8","4.81","","","","","",""
"648","64.844823","-163.716195","51","2022-07-07T09:52:18.572+0900","0.78","9","4.26","","","","","",""
"649","64.844904","-163.716194","52","2022-07-07T09:52:29.812+0900","0.75","2","4.38","","","","","",""
"650","64.844969","-163.716224","51","2022-07-07T09:52:39.253+0900","0.74","360","4.25","","","","","",""
"651","64.845034","-163.716253","50","2022-07-07T09:52:49.574+0900","0.80","342","4.48","","","","","",""
"652","64.845098","-163.716242","51","2022-07-07T09:52:59.513+0900","0.62","356","4.55","","","","","",""
"653","64.845140","-163.716318","53","2022-07-07T09:53:08.613+0900","0.55","328","4.71","","","","","",""
"654","64.845201","-163.716412","53","2022-07-07T09:53:18.352+0900","0.86","25","4.38","","","","","",""
"655","64.845247","-163.716321","52","2022-07-07T09:53:28.572+0900","0.95","41","4.11","","","","","",""
"656","64.845285","-163.716278","53","2022-07-07T09:53:37.750+0900","0.46","71","4.12","","","","","",""
"657","64.845324","-163.716212","52","2022-07-07T09:53:47.000+0900","0.59","35","4.17","","","","","",""
"658","64.845338","-163.716112","50","2022-07-07T09:53:56.227+0900","0.40","82","4.18","","","","","",""
"659","64.845313","-163.716090","49","2022-07-07T09:54:06.354+0900","0.89","118","3.44","","","","","",""
"660","64.845280","-163.715875","48","2022-07-07T09:54:15.598+0900","0.97","128","4.38","","","","","",""
"661","64.845280","-163.715760","48","2022-07-07T09:54:25.565+0900","0.58","84","4.54","","","","","",""
"662","64.845280","-163.715610","49","2022-07-07T09:54:34.639+0900","0.73","105","4.28","","","","","",""
"663","64.845271","-163.715472","47","2022-07-07T09:54:44.216+0900","0.63","93","4.42","","","","","",""
"664","64.845272","-163.715276","46","2022-07-07T09:54:54.458+0900","0.69","87","4.64","","","","","",""
"665","64.845267","-163.715069","47","2022-07-07T09:55:04.179+0900","0.82","81","4.72","","","","","",""
"666","64.845201","-163.715072","46","2022-07-07T09:55:13.259+0900","0.28","133","4.59","","","","","",""
"667","64.845164","-163.715155","45","2022-07-07T09:55:22.414+0900","0.44","247","4.28","","","","","",""
"668","64.845092","-163.715094","47","2022-07-07T09:55:33.577+0900","0.68","203","4.57","","","","","",""
"669","64.845007","-163.715068","48","2022-07-07T09:55:44.635+0900","0.75","187","4.59","","","","","",""
"670","64.844946","-163.715016","51","2022-07-07T09:55:54.000+0900","0.68","184","4.25","","","","","",""
"671","64.844898","-163.714944","51","2022-07-07T09:56:03.377+0900","0.73","163","4.70","","","","","",""
"672","64.844843","-163.714988","49","2022-07-07T09:56:12.498+0900","0.65","182","4.55","","","","","",""
"673","64.844777","-163.715019","51","2022-07-07T09:56:21.718+0900","0.83","219","4.66","","","","","",""
"674","64.844685","-163.714906","50","2022-07-07T09:56:31.000+0900","0.74","163","4.57","","","","","",""
"675","64.844641","-163.714894","50","2022-07-07T09:56:40.342+0900","0.65","174","4.32","","","","","",""
"676","64.844565","-163.714944","49","2022-07-07T09:56:51.280+0900","0.69","206","3.85","","","","","",""
"677","64.844491","-163.714915","50","2022-07-07T09:57:01.000+0900","0.66","172","4.59","","","","","",""
"678","64.844454","-163.714856","51","2022-07-07T09:57:10.616+0900","0.64","177","4.59","","","","","",""
"679","64.844385","-163.714836","51","2022-07-07T09:57:19.741+0900","0.70","187","4.16","","","","","",""
"680","64.844320","-163.714842","51","2022-07-07T09:57:29.241+0900","0.68","192","4.61","","","","","",""
"681","64.844266","-163.714787","50","2022-07-07T09:57:40.661+0900","0.38","179","4.17","","","","","",""
"682","64.844191","-163.714795","49","2022-07-07T09:57:50.336+0900","0.63","189","4.07","","","","","",""
"683","64.844114","-163.714750","49","2022-07-07T09:58:01.641+0900","0.57","179","4.17","","","","","",""
"684","64.844049","-163.714712","50","2022-07-07T09:58:10.706+0900","0.41","181","4.31","","","","","",""
"685","64.844007","-163.714662","47","2022-07-07T09:58:20.724+0900","0.18","180","4.26","","","","","",""
"686","64.843920","-163.714689","48","2022-07-07T09:58:30.000+0900","0.60","187","4.51","","","","","",""
"687","64.843854","-163.714684","48","2022-07-07T09:58:39.260+0900","0.70","173","4.20","","","","","",""
"688","64.843788","-163.714578","48","2022-07-07T09:58:49.688+0900","0.83","142","4.67","","","","","",""
"689","64.843745","-163.714516","47","2022-07-07T09:58:59.525+0900","0.47","94","4.24","","","","","",""
"690","64.843692","-163.714511","51","2022-07-07T09:59:09.040+0900","0.48","97","4.16","","","","","",""
"691","64.843628","-163.714463","51","2022-07-07T09:59:18.259+0900","0.76","172","4.08","","","","","",""
"692","64.843557","-163.714400","49","2022-07-07T09:59:28.726+0900","0.76","173","4.11","","","","","",""
"693","64.843485","-163.714371","50","2022-07-07T09:59:38.202+0900","0.79","174","4.40","","","","","",""
"694","64.843430","-163.714390","50","2022-07-07T09:59:47.406+0900","0.67","182","4.51","","","","","",""
"695","64.843391","-163.714423","50","2022-07-07T09:59:56.643+0900","0.38","177","4.15","","","","","",""
"696","64.843358","-163.714384","52","2022-07-07T10:00:06.704+0900","0.19","176","3.97","","","","","",""
"697","64.843285","-163.714299","51","2022-07-07T10:00:16.246+0900","0.72","179","4.15","","","","","",""
"698","64.843223","-163.714315","51","2022-07-07T10:00:27.325+0900","0.65","187","4.67","","","","","",""
"699","64.843138","-163.714316","50","2022-07-07T10:00:37.665+0900","0.89","187","3.91","","","","","",""
"700","64.843079","-163.714294","49","2022-07-07T10:00:46.667+0900","0.71","193","4.30","","","","","",""
"701","64.843004","-163.714290","48","2022-07-07T10:00:56.687+0900","0.81","190","4.31","","","","","",""
"702","64.842935","-163.714248","50","2022-07-07T10:01:07.626+0900","0.74","179","4.57","","","","","",""
"703","64.842874","-163.714177","49","2022-07-07T10:01:16.723+0900","0.66","149","4.69","","","","","",""
"704","64.842795","-163.714220","49","2022-07-07T10:01:27.420+0900","0.76","186","3.98","","","","","",""
"705","64.842736","-163.714147","51","2022-07-07T10:01:36.464+0900","0.78","176","3.97","","","","","",""
"706","64.842689","-163.714058","51","2022-07-07T10:01:47.483+0900","0.46","124","4.74","","","","","",""
"707","64.842614","-163.714171","50","2022-07-07T10:01:57.141+0900","0.54","183","4.50","","","","","",""
"708","64.842542","-163.714160","50","2022-07-07T10:02:07.543+0900","0.70","186","4.16","","","","","",""
"709","64.842450","-163.714141","50","2022-07-07T10:02:18.425+0900","0.79","183","4.37","","","","","",""
"710","64.842395","-163.714140","49","2022-07-07T10:02:28.185+0900","0.72","182","3.88","","","","","",""
"711","64.842379","-163.713941","51","2022-07-07T10:02:37.264+0900","0.80","104","4.47","","","","","",""
"712","64.842389","-163.713767","51","2022-07-07T10:02:46.703+0900","0.76","90","4.52","","","","","",""
"713","64.842377","-163.713614","51","2022-07-07T10:02:56.607+0900","0.82","104","4.79","","","","","",""
"714","64.842364","-163.713460","51","2022-07-07T10:03:06.505+0900","0.63","90","4.27","","","","","",""
"715","64.842385","-163.713311","52","2022-07-07T10:03:15.604+0900","0.74","82","4.43","","","","","",""
"716","64.842395","-163.713157","51","2022-07-07T10:03:26.681+0900","0.66","83","4.20","","","","","",""
"717","64.842413","-163.713024","49","2022-07-07T10:03:36.426+0900","0.71","82","3.71","","","","","",""
"718","64.842434","-163.712940","48","2022-07-07T10:03:46.607+0900","0.09","84","4.19","","","","","",""
"719","64.842490","-163.712818","50","2022-07-07T10:03:56.505+0900","0.70","38","4.74","","","","","",""
"720","64.842555","-163.712833","50","2022-07-07T10:04:07.666+0900","0.71","343","4.26","","","","","",""
"721","64.842618","-163.712742","50","2022-07-07T10:04:17.186+0900","0.84","42","4.36","","","","","",""
"722","64.842685","-163.712696","49","2022-07-07T10:04:27.684+0900","0.78","16","4.13","","","","","",""
"723","64.842758","-163.712683","51","2022-07-07T10:04:37.604+0900","0.78","22","4.15","","","","","",""
"724","64.842814","-163.712692","52","2022-07-07T10:04:47.387+0900","0.67","13","4.72","","","","","",""
"725","64.842866","-163.712696","51","2022-07-07T10:04:56.623+0900","0.59","355","4.43","","","","","",""
"726","64.842913","-163.712726","51","2022-07-07T10:05:06.582+0900","0.36","353","3.93","","","","","",""
"727","64.842964","-163.712777","53","2022-07-07T10:05:16.046+0900","0.44","333","3.66","","","","","",""
"728","64.843057","-163.712841","52","2022-07-07T10:05:26.000+0900","0.80","8","4.63","","","","","",""
"729","64.843113","-163.712836","51","2022-07-07T10:05:35.483+0900","0.74","351","4.72","","","","","",""
"730","64.843181","-163.712866","53","2022-07-07T10:05:45.667+0900","0.62","339","4.29","","","","","",""
"731","64.843260","-163.712874","53","2022-07-07T10:05:56.664+0900","0.78","352","4.28","","","","","",""
"732","64.843325","-163.712899","51","2022-07-07T10:06:06.306+0900","0.69","339","4.46","","","","","",""
"733","64.843390","-163.712982","50","2022-07-07T10:06:16.525+0900","0.72","318","4.64","","","","","",""
"734","64.843477","-163.713033","50","2022-07-07T10:06:27.625+0900","0.74","352","4.35","","","","","",""
"735","64.843523","-163.713056","51","2022-07-07T10:06:37.664+0900","0.61","355","4.11","","","","","",""
"736","64.843600","-163.713019","52","2022-07-07T10:06:47.000+0900","0.77","20","4.69","","","","","",""
"737","64.843636","-163.713036","52","2022-07-07T10:06:56.185+0900","0.74","351","4.12","","","","","",""
"738","64.843705","-163.713061","52","2022-07-07T10:07:05.522+0900","0.76","356","4.59","","","","","",""
"739","64.843750","-163.713108","52","2022-07-07T10:07:15.345+0900","0.45","356","4.35","","","","","",""
"740","64.843806","-163.713092","52","2022-07-07T10:07:25.000+0900","0.34","358","4.10","","","","","",""
"741","64.843865","-163.713055","50","2022-07-07T10:07:34.304+0900","0.70","7","4.46","","","","","",""
"742","64.843954","-163.713058","49","2022-07-07T10:07:44.684+0900","0.95","5","4.03","","","","","",""
"743","64.843977","-163.713074","50","2022-07-07T10:07:54.661+0900","0.31","3","3.71","","","","","",""
"744","64.844053","-163.713118","51","2022-07-07T10:08:04.000+0900","0.65","343","4.49","","","","","",""
"745","64.844089","-163.713132","51","2022-07-07T10:08:14.648+0900","0.52","337","4.08","","","","","",""
"746","64.844179","-163.713148","52","2022-07-07T10:08:24.706+0900","0.63","348","4.79","","","","","",""
"747","64.844249","-163.713154","53","2022-07-07T10:08:34.462+0900","0.76","345","4.28","","","","","",""
"748","64.844308","-163.713176","52","2022-07-07T10:08:44.306+0900","0.55","5","4.62","","","","","",""
"749","64.844366","-163.713149","51","2022-07-07T10:08:53.686+0900","1.04","357","4.56","","","","","",""
"750","64.844451","-163.713180","53","2022-07-07T10:09:03.062+0900","0.96","8","4.38","","","","","",""
"751","64.844530","-163.713217","51","2022-07-07T10:09:13.680+0900","0.87","347","4.39","","","","","",""
"752","64.844594","-163.713158","51","2022-07-07T10:09:23.682+0900","0.78","6","3.92","","","","","",""
"753","64.844650","-163.713143","51","2022-07-07T10:09:33.627+0900","0.67","14","4.27","","","","","",""
"754","64.844706","-163.713202","51","2022-07-07T10:09:43.723+0900","0.66","2","4.70","","","","","",""
"755","64.844775","-163.713184","51","2022-07-07T10:09:53.544+0900","0.90","5","4.01","","","","","",""
"756","64.844840","-163.713242","52","2022-07-07T10:10:03.642+0900","0.94","335","4.01","","","","","",""
"757","64.844883","-163.713253","52","2022-07-07T10:10:12.700+0900","0.48","352","4.24","","","","","",""
"758","64.844963","-163.713247","51","2022-07-07T10:10:22.000+0900","0.89","2","4.11","","","","","",""
"759","64.844990","-163.713161","50","2022-07-07T10:10:32.000+0900","0.39","89","4.10","","","","","",""
"760","64.844981","-163.713138","50","2022-07-07T10:10:42.000+0900","0.19","90","3.43","","","","","",""
"761","64.844990","-163.713076","49","2022-07-07T10:10:53.723+0900","0.65","73","3.71","","","","","",""
"762","64.845001","-163.712900","48","2022-07-07T10:11:03.268+0900","0.68","97","4.90","","","","","",""
"763","64.845015","-163.712774","49","2022-07-07T10:11:13.304+0900","0.74","72","4.22","","","","","",""
"764","64.845025","-163.712631","48","2022-07-07T10:11:22.563+0900","0.73","93","4.90","","","","","",""
"765","64.845029","-163.712463","47","2022-07-07T10:11:32.407+0900","0.79","92","4.56","","","","","",""
"766","64.845042","-163.712308","47","2022-07-07T10:11:42.000+0900","0.74","82","4.18","","","","","",""
"767","64.845054","-163.712176","45","2022-07-07T10:11:51.465+0900","0.80","73","4.47","","","","","",""
"768","64.845066","-163.711985","44","2022-07-07T10:12:02.483+0900","0.80","87","4.46","","","","","",""
"769","64.845008","-163.712000","49","2022-07-07T10:12:12.380+0900","0.37","177","4.32","","","","","",""
"770","64.844962","-163.711954","48","2022-07-07T10:12:22.027+0900","0.46","163","4.34","","","","","",""
"771","64.844883","-163.711895","47","2022-07-07T10:12:32.000+0900","0.70","174","4.77","","","","","",""
"772","64.844834","-163.711800","46","2022-07-07T10:12:41.625+0900","0.82","159","3.91","","","","","",""
"773","64.844762","-163.711700","45","2022-07-07T10:12:52.680+0900","0.97","162","4.61","","","","","",""
"774","64.844709","-163.711654","45","2022-07-07T10:13:02.324+0900","0.65","159","4.19","","","","","",""
"775","64.844642","-163.711626","45","2022-07-07T10:13:13.583+0900","0.78","184","4.30","","","","","",""
"776","64.844612","-163.711635","46","2022-07-07T10:13:23.721+0900","0.01","180","4.10","","","","","",""
"777","64.844529","-163.711550","47","2022-07-07T10:13:33.484+0900","0.70","177","4.19","","","","","",""
"778","64.844469","-163.711477","46","2022-07-07T10:13:43.260+0900","0.63","175","4.56","","","","","",""
"779","64.844420","-163.711451","46","2022-07-07T10:13:54.708+0900","0.60","171","4.72","","","","","",""
"780","64.844389","-163.711434","48","2022-07-07T10:14:04.205+0900","0.01","180","3.85","","","","","",""
"781","64.844325","-163.711419","49","2022-07-07T10:14:13.405+0900","0.50","182","4.49","","","","","",""
"782","64.844243","-163.711443","49","2022-07-07T10:14:24.667+0900","0.72","192","4.61","","","","","",""
"783","64.844176","-163.711479","49","2022-07-07T10:14:33.746+0900","0.72","197","4.31","","","","","",""
"784","64.844101","-163.711452","48","2022-07-07T10:14:43.545+0900","0.76","195","4.25","","","","","",""
"785","64.844050","-163.711386","48","2022-07-07T10:14:52.741+0900","0.68","173","3.96","","","","","",""
"786","64.843980","-163.711352","47","2022-07-07T10:15:02.702+0900","0.50","172","4.41","","","","","",""
"787","64.843971","-163.711357","50","2022-07-07T10:15:12.000+0900","0.00","179","3.32","","","","","",""
"788","64.843913","-163.711306","49","2022-07-07T10:15:23.504+0900","0.59","167","4.24","","","","","",""
"789","64.843860","-163.711300","50","2022-07-07T10:15:33.286+0900","0.64","181","4.33","","","","","",""
"790","64.843809","-163.711292","49","2022-07-07T10:15:42.966+0900","0.51","177","4.21","","","","","",""
"791","64.843749","-163.711271","47","2022-07-07T10:15:52.520+0900","0.01","180","4.02","","","","","",""
"792","64.843678","-163.711262","46","2022-07-07T10:16:01.562+0900","0.56","173","4.37","","","","","",""
"793","64.843624","-163.711236","48","2022-07-07T10:16:10.664+0900","0.32","165","4.50","","","","","",""
"794","64.843564","-163.711244","47","2022-07-07T10:16:20.443+0900","0.57","191","4.59","","","","","",""
"795","64.843515","-163.711274","48","2022-07-07T10:16:30.145+0900","0.18","203","4.29","","","","","",""
"796","64.843454","-163.711235","48","2022-07-07T10:16:39.246+0900","0.41","179","3.91","","","","","",""
"797","64.843414","-163.711201","48","2022-07-07T10:16:48.523+0900","0.55","148","4.11","","","","","",""
"798","64.843371","-163.711208","48","2022-07-07T10:16:57.544+0900","0.41","213","4.10","","","","","",""
"799","64.843322","-163.711197","49","2022-07-07T10:17:07.000+0900","0.41","156","4.22","","","","","",""
"800","64.843298","-163.711164","49","2022-07-07T10:17:17.726+0900","0.28","153","3.74","","","","","",""
"801","64.843237","-163.711128","50","2022-07-07T10:17:27.701+0900","0.48","171","3.57","","","","","",""
"802","64.843158","-163.711054","51","2022-07-07T10:17:37.320+0900","0.80","153","4.52","","","","","",""
"803","64.843111","-163.711013","50","2022-07-07T10:17:46.466+0900","0.77","174","4.10","","","","","",""
"804","64.843040","-163.710948","48","2022-07-07T10:17:57.462+0900","0.62","180","4.35","","","","","",""
"805","64.842960","-163.710896","47","2022-07-07T10:18:07.000+0900","0.80","155","4.45","","","","","",""
"806","64.842952","-163.710769","47","2022-07-07T10:18:17.000+0900","0.87","80","4.28","","","","","",""
"807","64.842951","-163.710625","46","2022-07-07T10:18:27.702+0900","0.80","96","4.22","","","","","",""
"808","64.842949","-163.710468","45","2022-07-07T10:18:38.702+0900","0.53","90","3.73","","","","","",""
"809","64.842923","-163.710324","47","2022-07-07T10:18:48.000+0900","0.83","79","3.84","","","","","",""
"810","64.842934","-163.710234","47","2022-07-07T10:18:58.000+0900","0.61","85","4.16","","","","","",""
"811","64.842966","-163.710192","47","2022-07-07T10:19:07.245+0900","0.58","16","4.16","","","","","",""
"812","64.843045","-163.710143","49","2022-07-07T10:19:17.623+0900","0.69","12","4.59","","","","","",""
"813","64.843115","-163.710226","49","2022-07-07T10:19:27.242+0900","0.71","351","3.78","","","","","",""
"814","64.843169","-163.710235","49","2022-07-07T10:19:36.427+0900","0.67","7","4.67","","","","","",""
"815","64.843244","-163.710253","50","2022-07-07T10:19:46.000+0900","0.74","354","4.57","","","","","",""
"816","64.843311","-163.710300","49","2022-07-07T10:19:56.664+0900","0.70","337","4.02","","","","","",""
"817","64.843367","-163.710354","48","2022-07-07T10:20:07.379+0900","0.52","323","4.22","","","","","",""
"818","64.843398","-163.710395","50","2022-07-07T10:20:17.000+0900","0.26","299","3.89","","","","","",""
"819","64.843461","-163.710431","50","2022-07-07T10:20:26.187+0900","0.95","331","4.24","","","","","",""
"820","64.843539","-163.710458","48","2022-07-07T10:20:35.663+0900","0.64","344","4.74","","","","","",""
"821","64.843596","-163.710438","48","2022-07-07T10:20:44.667+0900","0.33","16","4.44","","","","","",""
"822","64.843666","-163.710468","49","2022-07-07T10:20:55.723+0900","0.69","350","4.46","","","","","",""
"823","64.843731","-163.710492","50","2022-07-07T10:21:05.326+0900","0.64","343","3.82","","","","","",""
"824","64.843788","-163.710499","50","2022-07-07T10:21:15.183+0900","0.61","355","4.41","","","","","",""
"825","64.843847","-163.710532","49","2022-07-07T10:21:24.700+0900","0.76","354","4.22","","","","","",""
"826","64.843906","-163.710582","48","2022-07-07T10:21:34.000+0900","0.73","346","4.43","","","","","",""
"827","64.843937","-163.710596","49","2022-07-07T10:21:44.680+0900","0.43","358","4.40","","","","","",""
"828","64.843921","-163.710562","48","2022-07-07T10:21:54.000+0900","0.01","359","3.76","","","","","",""
"829","64.843923","-163.710554","48","2022-07-07T10:22:19.000+0900","0.06","360","3.69","","","","","",""
